Forecast_Date,Predicted_Units_Sold
2026-09-11,56
2026-09-11,52
2026-09-11,43
2026-09-11,44
2026-09-11,51
2026-09-11,54
2026-09-11,44
2026-09-11,48
2026-09-12,40
2026-09-12,92
2026-09-12,55
2026-09-12,52
2026-09-12,46
2026-09-12,51
2026-09-12,56
2026-09-12,23
2026-09-13,42
2026-09-13,50
2026-09-13,35
2026-09-13,49
2026-09-13,53
2026-09-13,47
2026-09-13,47
2026-09-13,43
2026-09-14,1
2026-09-14,52
2026-09-14,61
2026-09-14,56
2026-09-14,57
2026-09-14,48
2026-09-14,45
2026-09-14,36
2026-09-15,45
2026-09-15,50
2026-09-15,45
2026-09-15,53
2026-09-15,54
2026-09-15,42
2026-09-15,1
2026-09-15,57
2026-09-16,49
2026-09-16,45
2026-09-16,51
2026-09-16,55
2026-09-16,41
2026-09-16,34
2026-09-16,45
2026-09-16,46
2026-09-17,49
2026-09-17,44
2026-09-17,50
2026-09-17,52
2026-09-17,88
2026-09-17,47
2026-09-17,38
2026-09-17,27
2026-09-18,48
2026-09-18,52
2026-09-18,43
2026-09-18,44
2026-09-18,51
2026-09-18,56
2026-09-18,54
2026-09-18,43
2026-09-19,55
2026-09-19,23
2026-09-19,51
2026-09-19,92
2026-09-19,51
2026-09-19,40
2026-09-19,56
2026-09-19,46
2026-09-20,49
2026-09-20,42
2026-09-20,50
2026-09-20,53
2026-09-20,47
2026-09-20,47
2026-09-20,35
2026-09-20,43
2026-09-21,45
2026-09-21,36
2026-09-21,57
2026-09-21,56
2026-09-21,1
2026-09-21,61
2026-09-21,52
2026-09-21,48
2026-09-22,45
2026-09-22,45
2026-09-22,53
2026-09-22,42
2026-09-22,1
2026-09-22,57
2026-09-22,50
2026-09-22,54
2026-09-23,46
2026-09-23,45
2026-09-23,55
2026-09-23,34
2026-09-23,49
2026-09-23,41
2026-09-23,51
2026-09-23,45
2026-09-24,48
2026-09-24,50
2026-09-24,47
2026-09-24,38
2026-09-24,88
2026-09-24,52
2026-09-24,44
2026-09-24,27
2026-09-25,44
2026-09-25,52
2026-09-25,57
2026-09-25,51
2026-09-25,43
2026-09-25,53
2026-09-25,48
2026-09-25,43
2026-09-26,46
2026-09-26,56
2026-09-26,92
2026-09-26,40
2026-09-26,51
2026-09-26,51
2026-09-26,23
2026-09-26,55
2026-09-27,43
2026-09-27,49
2026-09-27,50
2026-09-27,47
2026-09-27,35
2026-09-27,42
2026-09-27,47
2026-09-27,53
2026-09-28,61
2026-09-28,36
2026-09-28,56
2026-09-28,45
2026-09-28,52
2026-09-28,48
2026-09-28,1
2026-09-28,57
2026-09-29,57
2026-09-29,50
2026-09-29,53
2026-09-29,1
2026-09-29,54
2026-09-29,42
2026-09-29,45
2026-09-29,45
2026-09-30,45
2026-09-30,51
2026-09-30,34
2026-09-30,49
2026-09-30,55
2026-09-30,45
2026-09-30,46
2026-09-30,41
2026-10-01,47
2026-10-01,52
2026-10-01,38
2026-10-01,44
2026-10-01,50
2026-10-01,27
2026-10-01,48
2026-10-01,88
2026-10-02,51
2026-10-02,44
2026-10-02,53
2026-10-02,43
2026-10-02,52
2026-10-02,48
2026-10-02,43
2026-10-02,57
2026-10-03,40
2026-10-03,51
2026-10-03,23
2026-10-03,46
2026-10-03,57
2026-10-03,55
2026-10-03,92
2026-10-03,51
2026-10-04,43
2026-10-04,35
2026-10-04,49
2026-10-04,53
2026-10-04,48
2026-10-04,50
2026-10-04,48
2026-10-04,42
2026-10-05,61
2026-10-05,1
2026-10-05,36
2026-10-05,48
2026-10-05,52
2026-10-05,58
2026-10-05,56
2026-10-05,45
2026-10-06,50
2026-10-06,45
2026-10-06,54
2026-10-06,1
2026-10-06,42
2026-10-06,57
2026-10-06,45
2026-10-06,53
2026-10-07,46
2026-10-07,45
2026-10-07,45
2026-10-07,49
2026-10-07,41
2026-10-07,34
2026-10-07,51
2026-10-07,56
2026-10-08,52
2026-10-08,47
2026-10-08,88
2026-10-08,48
2026-10-08,27
2026-10-08,44
2026-10-08,38
2026-10-08,50
2026-10-09,53
2026-10-09,43
2026-10-09,53
2026-10-09,57
2026-10-09,51
2026-10-09,48
2026-10-09,43
2026-10-09,44
2026-10-10,55
2026-10-10,46
2026-10-10,51
2026-10-10,57
2026-10-10,92
2026-10-10,40
2026-10-10,52
2026-10-10,23
2026-10-11,35
2026-10-11,53
2026-10-11,49
2026-10-11,49
2026-10-11,43
2026-10-11,48
2026-10-11,48
2026-10-11,42
2026-10-12,1
2026-10-12,36
2026-10-12,48
2026-10-12,52
2026-10-12,56
2026-10-12,58
2026-10-12,46
2026-10-12,61
2026-10-13,50
2026-10-13,1
2026-10-13,45
2026-10-13,54
2026-10-13,53
2026-10-13,45
2026-10-13,42
2026-10-13,57
2026-10-14,51
2026-10-14,45
2026-10-14,41
2026-10-14,56
2026-10-14,46
2026-10-14,45
2026-10-14,34
2026-10-14,49
2026-10-15,53
2026-10-15,50
2026-10-15,47
2026-10-15,88
2026-10-15,27
2026-10-15,44
2026-10-15,38
2026-10-15,48
2026-10-16,48
2026-10-16,51
2026-10-16,43
2026-10-16,53
2026-10-16,43
2026-10-16,44
2026-10-16,57
2026-10-16,53
2026-10-17,40
2026-10-17,55
2026-10-17,57
2026-10-17,92
2026-10-17,52
2026-10-17,23
2026-10-17,46
2026-10-17,51
2026-10-18,49
2026-10-18,42
2026-10-18,48
2026-10-18,49
2026-10-18,43
2026-10-18,35
2026-10-18,48
2026-10-18,53
2026-10-19,58
2026-10-19,1
2026-10-19,48
2026-10-19,56
2026-10-19,61
2026-10-19,36
2026-10-19,46
2026-10-19,52
2026-10-20,53
2026-10-20,1
2026-10-20,45
2026-10-20,50
2026-10-20,42
2026-10-20,54
2026-10-20,57
2026-10-20,45
2026-10-21,41
2026-10-21,50
2026-10-21,34
2026-10-21,45
2026-10-21,56
2026-10-21,49
2026-10-21,45
2026-10-21,46
2026-10-22,88
2026-10-22,53
2026-10-22,48
2026-10-22,50
2026-10-22,27
2026-10-22,38
2026-10-22,44
2026-10-22,47
2026-10-23,53
2026-10-23,44
2026-10-23,51
2026-10-23,43
2026-10-23,53
2026-10-23,57
2026-10-23,43
2026-10-23,48
2026-10-24,23
2026-10-24,51
2026-10-24,52
2026-10-24,55
2026-10-24,92
2026-10-24,40
2026-10-24,57
2026-10-24,46
2026-10-25,49
2026-10-25,48
2026-10-25,53
2026-10-25,43
2026-10-25,48
2026-10-25,49
2026-10-25,42
2026-10-25,35
2026-10-26,36
2026-10-26,1
2026-10-26,48
2026-10-26,60
2026-10-26,46
2026-10-26,58
2026-10-26,51
2026-10-26,56
2026-10-27,45
2026-10-27,57
2026-10-27,42
2026-10-27,54
2026-10-27,1
2026-10-27,50
2026-10-27,53
2026-10-27,46
2026-10-28,45
2026-10-28,34
2026-10-28,41
2026-10-28,56
2026-10-28,46
2026-10-28,45
2026-10-28,50
2026-10-28,48
2026-10-29,45
2026-10-29,53
2026-10-29,48
2026-10-29,50
2026-10-29,27
2026-10-29,88
2026-10-29,38
2026-10-29,47
2026-10-30,51
2026-10-30,53
2026-10-30,43
2026-10-30,44
2026-10-30,53
2026-10-30,48
2026-10-30,43
2026-10-30,57
2026-10-31,46
2026-10-31,57
2026-10-31,51
2026-10-31,92
2026-10-31,55
2026-10-31,52
2026-10-31,40
2026-10-31,23
2026-11-01,48
2026-11-01,53
2026-11-01,43
2026-11-01,49
2026-11-01,48
2026-11-01,35
2026-11-01,42
2026-11-01,49
2026-11-02,48
2026-11-02,51
2026-11-02,46
2026-11-02,60
2026-11-02,1
2026-11-02,56
2026-11-02,36
2026-11-02,58
2026-11-03,1
2026-11-03,54
2026-11-03,46
2026-11-03,45
2026-11-03,42
2026-11-03,53
2026-11-03,50
2026-11-03,57
2026-11-04,41
2026-11-04,48
2026-11-04,34
2026-11-04,46
2026-11-04,45
2026-11-04,50
2026-11-04,45
2026-11-04,56
2026-11-05,46
2026-11-05,27
2026-11-05,45
2026-11-05,53
2026-11-05,38
2026-11-05,48
2026-11-05,49
2026-11-05,88
2026-11-06,43
2026-11-06,51
2026-11-06,58
2026-11-06,44
2026-11-06,53
2026-11-06,48
2026-11-06,53
2026-11-06,43
2026-11-07,23
2026-11-07,46
2026-11-07,40
2026-11-07,51
2026-11-07,55
2026-11-07,92
2026-11-07,57
2026-11-07,52
2026-11-08,48
2026-11-08,35
2026-11-08,49
2026-11-08,48
2026-11-08,43
2026-11-08,48
2026-11-08,53
2026-11-08,42
2026-11-09,60
2026-11-09,48
2026-11-09,36
2026-11-09,56
2026-11-09,51
2026-11-09,58
2026-11-09,1
2026-11-09,46
2026-11-10,1
2026-11-10,53
2026-11-10,46
2026-11-10,42
2026-11-10,54
2026-11-10,45
2026-11-10,57
2026-11-10,49
2026-11-11,45
2026-11-11,56
2026-11-11,48
2026-11-11,46
2026-11-11,41
2026-11-11,50
2026-11-11,34
2026-11-11,46
2026-11-12,48
2026-11-12,27
2026-11-12,88
2026-11-12,49
2026-11-12,37
2026-11-12,46
2026-11-12,45
2026-11-12,53
2026-11-13,53
2026-11-13,43
2026-11-13,44
2026-11-13,43
2026-11-13,51
2026-11-13,48
2026-11-13,58
2026-11-13,53
2026-11-14,40
2026-11-14,92
2026-11-14,52
2026-11-14,23
2026-11-14,55
2026-11-14,58
2026-11-14,45
2026-11-14,51
2026-11-15,53
2026-11-15,48
2026-11-15,43
2026-11-15,49
2026-11-15,48
2026-11-15,49
2026-11-15,42
2026-11-15,35
2026-11-16,60
2026-11-16,51
2026-11-16,56
2026-11-16,59
2026-11-16,1
2026-11-16,46
2026-11-16,48
2026-11-16,36
2026-11-17,45
2026-11-17,54
2026-11-17,1
2026-11-17,57
2026-11-17,49
2026-11-17,46
2026-11-17,53
2026-11-17,42
2026-11-18,34
2026-11-18,45
2026-11-18,48
2026-11-18,40
2026-11-18,56
2026-11-18,46
2026-11-18,46
2026-11-18,50
2026-11-19,46
2026-11-19,53
2026-11-19,45
2026-11-19,27
2026-11-19,48
2026-11-19,37
2026-11-19,49
2026-11-19,88
2026-11-20,53
2026-11-20,51
2026-11-20,48
2026-11-20,53
2026-11-20,43
2026-11-20,43
2026-11-20,44
2026-11-20,58
2026-11-21,40
2026-11-21,53
2026-11-21,55
2026-11-21,51
2026-11-21,58
2026-11-21,92
2026-11-21,45
2026-11-21,23
2026-11-22,35
2026-11-22,42
2026-11-22,43
2026-11-22,48
2026-11-22,49
2026-11-22,53
2026-11-22,49
2026-11-22,49
2026-11-23,56
2026-11-23,1
2026-11-23,36
2026-11-23,51
2026-11-23,59
2026-11-23,60
2026-11-23,48
2026-11-23,46
2026-11-24,57
2026-11-24,53
2026-11-24,46
2026-11-24,1
2026-11-24,49
2026-11-24,42
2026-11-24,54
2026-11-24,45
2026-11-25,48
2026-11-25,34
2026-11-25,45
2026-11-25,40
2026-11-25,46
2026-11-25,57
2026-11-25,46
2026-11-25,50
2026-11-26,88
2026-11-26,49
2026-11-26,27
2026-11-26,53
2026-11-26,37
2026-11-26,48
2026-11-26,46
2026-11-26,45
2026-11-27,43
2026-11-27,48
2026-11-27,54
2026-11-27,43
2026-11-27,52
2026-11-27,44
2026-11-27,58
2026-11-27,51
2026-11-28,23
2026-11-28,40
2026-11-28,55
2026-11-28,92
2026-11-28,58
2026-11-28,53
2026-11-28,45
2026-11-28,50
2026-11-29,43
2026-11-29,53
2026-11-29,48
2026-11-29,49
2026-11-29,42
2026-11-29,49
2026-11-29,49
2026-11-29,35
2026-11-30,60
2026-11-30,47
2026-11-30,1
2026-11-30,51
2026-11-30,59
2026-11-30,56
2026-11-30,48
2026-11-30,36
2026-12-01,53
2026-12-01,57
2026-12-01,1
2026-12-01,42
2026-12-01,54
2026-12-01,49
2026-12-01,46
2026-12-01,44
2026-12-02,34
2026-12-02,46
2026-12-02,50
2026-12-02,46
2026-12-02,57
2026-12-02,45
2026-12-02,48
2026-12-02,40
2026-12-03,54
2026-12-03,27
2026-12-03,45
2026-12-03,37
2026-12-03,48
2026-12-03,88
2026-12-03,46
2026-12-03,49
2026-12-04,42
2026-12-04,52
2026-12-04,43
2026-12-04,54
2026-12-04,58
2026-12-04,43
2026-12-04,51
2026-12-04,48
2026-12-05,55
2026-12-05,23
2026-12-05,92
2026-12-05,53
2026-12-05,40
2026-12-05,50
2026-12-05,45
2026-12-05,58
2026-12-06,43
2026-12-06,35
2026-12-06,49
2026-12-06,49
2026-12-06,49
2026-12-06,53
2026-12-06,42
2026-12-06,48
2026-12-07,51
2026-12-07,48
2026-12-07,1
2026-12-07,36
2026-12-07,56
2026-12-07,59
2026-12-07,60
2026-12-07,47
2026-12-08,57
2026-12-08,44
2026-12-08,49
2026-12-08,53
2026-12-08,55
2026-12-08,46
2026-12-08,42
2026-12-08,1
2026-12-09,50
2026-12-09,46
2026-12-09,46
2026-12-09,48
2026-12-09,45
2026-12-09,40
2026-12-09,34
2026-12-09,57
2026-12-10,88
2026-12-10,54
2026-12-10,27
2026-12-10,45
2026-12-10,47
2026-12-10,37
2026-12-10,46
2026-12-10,49
2026-12-11,50
2026-12-11,43
2026-12-11,58
2026-12-11,43
2026-12-11,48
2026-12-11,54
2026-12-11,42
2026-12-11,52
2026-12-12,23
2026-12-12,58
2026-12-12,92
2026-12-12,53
2026-12-12,40
2026-12-12,55
2026-12-12,50
2026-12-12,45
2026-12-13,49
2026-12-13,49
2026-12-13,53
2026-12-13,43
2026-12-13,35
2026-12-13,49
2026-12-13,42
2026-12-13,48
2026-12-14,60
2026-12-14,56
2026-12-14,47
2026-12-14,36
2026-12-14,47
2026-12-14,59
2026-12-14,51
2026-12-14,1
2026-12-15,1
2026-12-15,53
2026-12-15,47
2026-12-15,56
2026-12-15,42
2026-12-15,55
2026-12-15,44
2026-12-15,49
2026-12-16,57
2026-12-16,50
2026-12-16,45
2026-12-16,48
2026-12-16,40
2026-12-16,34
2026-12-16,46
2026-12-16,46
2026-12-17,54
2026-12-17,46
2026-12-17,27
2026-12-17,47
2026-12-17,46
2026-12-17,88
2026-12-17,37
2026-12-17,49
2026-12-18,42
2026-12-18,50
2026-12-18,43
2026-12-18,43
2026-12-18,52
2026-12-18,54
2026-12-18,48
2026-12-18,59
2026-12-19,53
2026-12-19,58
2026-12-19,45
2026-12-19,40
2026-12-19,50
2026-12-19,54
2026-12-19,92
2026-12-19,23
2026-12-20,35
2026-12-20,48
2026-12-20,42
2026-12-20,43
2026-12-20,49
2026-12-20,48
2026-12-20,53
2026-12-20,49
2026-12-21,51
2026-12-21,56
2026-12-21,36
2026-12-21,60
2026-12-21,47
2026-12-21,60
2026-12-21,47
2026-12-21,1
2026-12-22,44
2026-12-22,53
2026-12-22,47
2026-12-22,49
2026-12-22,42
2026-12-22,1
2026-12-22,56
2026-12-22,55
2026-12-23,48
2026-12-23,34
2026-12-23,40
2026-12-23,46
2026-12-23,45
2026-12-23,57
2026-12-23,50
2026-12-23,46
2026-12-24,46
2026-12-24,54
2026-12-24,88
2026-12-24,49
2026-12-24,27
2026-12-24,46
2026-12-24,37
2026-12-24,47
2026-12-25,43
2026-12-25,50
2026-12-25,48
2026-12-25,59
2026-12-25,43
2026-12-25,54
2026-12-25,52
2026-12-25,42
2026-12-26,45
2026-12-26,59
2026-12-26,53
2026-12-26,23
2026-12-26,54
2026-12-26,50
2026-12-26,92
2026-12-26,40
2026-12-27,43
2026-12-27,49
2026-12-27,42
2026-12-27,49
2026-12-27,35
2026-12-27,48
2026-12-27,53
2026-12-27,48
2026-12-28,56
2026-12-28,60
2026-12-28,47
2026-12-28,47
2026-12-28,1
2026-12-28,50
2026-12-28,59
2026-12-28,36
2026-12-29,1
2026-12-29,47
2026-12-29,42
2026-12-29,44
2026-12-29,52
2026-12-29,56
2026-12-29,49
2026-12-29,55
2026-12-30,57
2026-12-30,40
2026-12-30,46
2026-12-30,34
2026-12-30,47
2026-12-30,47
2026-12-30,45
2026-12-30,49
2026-12-31,27
2026-12-31,37
2026-12-31,46
2026-12-31,49
2026-12-31,88
2026-12-31,47
2026-12-31,54
2026-12-31,46
2027-01-01,54
2027-01-01,42
2027-01-01,48
2027-01-01,43
2027-01-01,52
2027-01-01,43
2027-01-01,59
2027-01-01,50
2027-01-02,53
2027-01-02,45
2027-01-02,40
2027-01-02,92
2027-01-02,54
2027-01-02,59
2027-01-02,23
2027-01-02,50
2027-01-03,49
2027-01-03,50
2027-01-03,35
2027-01-03,43
2027-01-03,42
2027-01-03,48
2027-01-03,48
2027-01-03,53
2027-01-04,59
2027-01-04,47
2027-01-04,47
2027-01-04,50
2027-01-04,1
2027-01-04,56
2027-01-04,36
2027-01-04,60
2027-01-05,47
2027-01-05,42
2027-01-05,55
2027-01-05,44
2027-01-05,52
2027-01-05,49
2027-01-05,56
2027-01-05,1
2027-01-06,47
2027-01-06,46
2027-01-06,40
2027-01-06,45
2027-01-06,49
2027-01-06,47
2027-01-06,58
2027-01-06,34
2027-01-07,47
2027-01-07,37
2027-01-07,27
2027-01-07,46
2027-01-07,54
2027-01-07,46
2027-01-07,88
2027-01-07,49
2027-01-08,43
2027-01-08,55
2027-01-08,43
2027-01-08,50
2027-01-08,48
2027-01-08,59
2027-01-08,42
2027-01-08,52
2027-01-09,92
2027-01-09,54
2027-01-09,59
2027-01-09,40
2027-01-09,50
2027-01-09,23
2027-01-09,45
2027-01-09,54
2027-01-10,43
2027-01-10,50
2027-01-10,35
2027-01-10,48
2027-01-10,48
2027-01-10,42
2027-01-10,50
2027-01-10,53
2027-01-11,56
2027-01-11,47
2027-01-11,59
2027-01-11,60
2027-01-11,1
2027-01-11,36
2027-01-11,50
2027-01-11,47
2027-01-12,1
2027-01-12,55
2027-01-12,52
2027-01-12,48
2027-01-12,47
2027-01-12,56
2027-01-12,44
2027-01-12,42
2027-01-13,34
2027-01-13,49
2027-01-13,47
2027-01-13,46
2027-01-13,47
2027-01-13,40
2027-01-13,58
2027-01-13,45
2027-01-14,37
2027-01-14,55
2027-01-14,46
2027-01-14,45
2027-01-14,47
2027-01-14,88
2027-01-14,49
2027-01-14,27
2027-01-15,43
2027-01-15,42
2027-01-15,43
2027-01-15,50
2027-01-15,48
2027-01-15,52
2027-01-15,59
2027-01-15,55
2027-01-16,92
2027-01-16,54
2027-01-16,50
2027-01-16,45
2027-01-16,59
2027-01-16,23
2027-01-16,40
2027-01-16,54
2027-01-17,47
2027-01-17,43
2027-01-17,50
2027-01-17,48
2027-01-17,53
2027-01-17,42
2027-01-17,35
2027-01-17,50
2027-01-18,1
2027-01-18,47
2027-01-18,50
2027-01-18,56
2027-01-18,47
2027-01-18,59
2027-01-18,60
2027-01-18,36
2027-01-19,47
2027-01-19,52
2027-01-19,56
2027-01-19,44
2027-01-19,1
2027-01-19,48
2027-01-19,42
2027-01-19,56
2027-01-20,45
2027-01-20,46
2027-01-20,47
2027-01-20,34
2027-01-20,49
2027-01-20,40
2027-01-20,58
2027-01-20,47
2027-01-21,37
2027-01-21,46
2027-01-21,55
2027-01-21,47
2027-01-21,45
2027-01-21,88
2027-01-21,27
2027-01-21,49
2027-01-22,59
2027-01-22,42
2027-01-22,52
2027-01-22,43
2027-01-22,55
2027-01-22,48
2027-01-22,43
2027-01-22,50
2027-01-23,50
2027-01-23,23
2027-01-23,45
2027-01-23,92
2027-01-23,54
2027-01-23,40
2027-01-23,59
2027-01-23,54
2027-01-24,35
2027-01-24,43
2027-01-24,50
2027-01-24,47
2027-01-24,50
2027-01-24,53
2027-01-24,48
2027-01-24,42
2027-01-25,48
2027-01-25,56
2027-01-25,60
2027-01-25,47
2027-01-25,59
2027-01-25,1
2027-01-25,50
2027-01-25,36
2027-01-26,1
2027-01-26,44
2027-01-26,52
2027-01-26,56
2027-01-26,56
2027-01-26,48
2027-01-26,47
2027-01-26,42
2027-01-27,45
2027-01-27,34
2027-01-27,47
2027-01-27,58
2027-01-27,47
2027-01-27,49
2027-01-27,46
2027-01-27,40
2027-01-28,45
2027-01-28,88
2027-01-28,47
2027-01-28,27
2027-01-28,46
2027-01-28,37
2027-01-28,55
2027-01-28,49
2027-01-29,50
2027-01-29,60
2027-01-29,43
2027-01-29,43
2027-01-29,48
2027-01-29,55
2027-01-29,42
2027-01-29,52
2027-01-30,54
2027-01-30,59
2027-01-30,92
2027-01-30,44
2027-01-30,40
2027-01-30,50
2027-01-30,54
2027-01-30,23
2027-01-31,53
2027-01-31,35
2027-01-31,50
2027-01-31,43
2027-01-31,47
2027-01-31,48
2027-01-31,42
2027-01-31,50
2027-02-01,48
2027-02-01,1
2027-02-01,59
2027-02-01,36
2027-02-01,56
2027-02-01,61
2027-02-01,47
2027-02-01,50
2027-02-02,42
2027-02-02,52
2027-02-02,56
2027-02-02,47
2027-02-02,44
2027-02-02,56
2027-02-02,48
2027-02-02,1
2027-02-03,47
2027-02-03,46
2027-02-03,58
2027-02-03,40
2027-02-03,34
2027-02-03,49
2027-02-03,47
2027-02-03,45
2027-02-04,55
2027-02-04,45
2027-02-04,37
2027-02-04,49
2027-02-04,46
2027-02-04,27
2027-02-04,88
2027-02-04,47
2027-02-05,48
2027-02-05,43
2027-02-05,51
2027-02-05,55
2027-02-05,60
2027-02-05,50
2027-02-05,42
2027-02-05,43
2027-02-06,54
2027-02-06,44
2027-02-06,23
2027-02-06,40
2027-02-06,54
2027-02-06,49
2027-02-06,60
2027-02-06,92
2027-02-07,48
2027-02-07,50
2027-02-07,43
2027-02-07,50
2027-02-07,53
2027-02-07,42
2027-02-07,47
2027-02-07,35
2027-02-08,47
2027-02-08,36
2027-02-08,56
2027-02-08,1
2027-02-08,48
2027-02-08,50
2027-02-08,61
2027-02-08,59
2027-02-09,48
2027-02-09,56
2027-02-09,1
2027-02-09,48
2027-02-09,42
2027-02-09,52
2027-02-09,56
2027-02-09,44
2027-02-10,47
2027-02-10,45
2027-02-10,46
2027-02-10,47
2027-02-10,40
2027-02-10,34
2027-02-10,58
2027-02-10,49
2027-02-11,37
2027-02-11,88
2027-02-11,47
2027-02-11,45
2027-02-11,47
2027-02-11,27
2027-02-11,49
2027-02-11,55
2027-02-12,42
2027-02-12,50
2027-02-12,48
2027-02-12,43
2027-02-12,43
2027-02-12,60
2027-02-12,51
2027-02-12,55
2027-02-13,44
2027-02-13,60
2027-02-13,54
2027-02-13,54
2027-02-13,92
2027-02-13,40
2027-02-13,49
2027-02-13,23
2027-02-14,50
2027-02-14,53
2027-02-14,47
2027-02-14,48
2027-02-14,42
2027-02-14,50
2027-02-14,35
2027-02-14,43
2027-02-15,59
2027-02-15,61
2027-02-15,56
2027-02-15,47
2027-02-15,36
2027-02-15,48
2027-02-15,1
2027-02-15,50
2027-02-16,42
2027-02-16,52
2027-02-16,56
2027-02-16,56
2027-02-16,48
2027-02-16,1
2027-02-16,48
2027-02-16,44
2027-02-17,48
2027-02-17,46
2027-02-17,49
2027-02-17,34
2027-02-17,40
2027-02-17,59
2027-02-17,47
2027-02-17,45
2027-02-18,27
2027-02-18,37
2027-02-18,55
2027-02-18,45
2027-02-18,88
2027-02-18,46
2027-02-18,47
2027-02-18,49
2027-02-19,48
2027-02-19,43
2027-02-19,51
2027-02-19,60
2027-02-19,50
2027-02-19,41
2027-02-19,56
2027-02-19,43
2027-02-20,49
2027-02-20,60
2027-02-20,54
2027-02-20,44
2027-02-20,55
2027-02-20,40
2027-02-20,92
2027-02-20,23
2027-02-21,43
2027-02-21,48
2027-02-21,42
2027-02-21,35
2027-02-21,51
2027-02-21,52
2027-02-21,47
2027-02-21,50
2027-02-22,58
2027-02-22,36
2027-02-22,48
2027-02-22,61
2027-02-22,50
2027-02-22,47
2027-02-22,1
2027-02-22,56
2027-02-23,56
2027-02-23,42
2027-02-23,56
2027-02-23,48
2027-02-23,48
2027-02-23,1
2027-02-23,44
2027-02-23,52
2027-02-24,40
2027-02-24,49
2027-02-24,59
2027-02-24,44
2027-02-24,46
2027-02-24,34
2027-02-24,47
2027-02-24,48
2027-02-25,37
2027-02-25,88
2027-02-25,46
2027-02-25,47
2027-02-25,45
2027-02-25,49
2027-02-25,27
2027-02-25,56
2027-02-26,50
2027-02-26,43
2027-02-26,48
2027-02-26,60
2027-02-26,56
2027-02-26,43
2027-02-26,41
2027-02-26,51
2027-02-27,49
2027-02-27,40
2027-02-27,92
2027-02-27,44
2027-02-27,55
2027-02-27,23
2027-02-27,60
2027-02-27,54
2027-02-28,51
2027-02-28,35
2027-02-28,42
2027-02-28,47
2027-02-28,52
2027-02-28,47
2027-02-28,51
2027-02-28,43
2027-03-01,58
2027-03-01,36
2027-03-01,47
2027-03-01,61
2027-03-01,1
2027-03-01,48
2027-03-01,56
2027-03-01,49
2027-03-02,56
2027-03-02,1
2027-03-02,51
2027-03-02,42
2027-03-02,57
2027-03-02,48
2027-03-02,48
2027-03-02,44
2027-03-03,34
2027-03-03,49
2027-03-03,59
2027-03-03,46
2027-03-03,47
2027-03-03,44
2027-03-03,48
2027-03-03,40
2027-03-04,47
2027-03-04,49
2027-03-04,56
2027-03-04,27
2027-03-04,45
2027-03-04,88
2027-03-04,37
2027-03-04,46
2027-03-05,60
2027-03-05,41
2027-03-05,43
2027-03-05,48
2027-03-05,43
2027-03-05,50
2027-03-05,56
2027-03-05,51
2027-03-06,92
2027-03-06,40
2027-03-06,23
2027-03-06,54
2027-03-06,55
2027-03-06,60
2027-03-06,44
2027-03-06,49
2027-03-07,35
2027-03-07,43
2027-03-07,47
2027-03-07,47
2027-03-07,51
2027-03-07,52
2027-03-07,51
2027-03-07,42
2027-03-08,47
2027-03-08,48
2027-03-08,49
2027-03-08,1
2027-03-08,61
2027-03-08,56
2027-03-08,36
2027-03-08,58
2027-03-09,56
2027-03-09,48
2027-03-09,1
2027-03-09,48
2027-03-09,42
2027-03-09,44
2027-03-09,57
2027-03-09,51
2027-03-10,46
2027-03-10,34
2027-03-10,48
2027-03-10,48
2027-03-10,40
2027-03-10,46
2027-03-10,59
2027-03-10,44
2027-03-11,45
2027-03-11,47
2027-03-11,49
2027-03-11,46
2027-03-11,56
2027-03-11,37
2027-03-11,27
2027-03-11,88
2027-03-12,48
2027-03-12,60
2027-03-12,51
2027-03-12,43
2027-03-12,56
2027-03-12,50
2027-03-12,41
2027-03-12,43
2027-03-13,54
2027-03-13,92
2027-03-13,40
2027-03-13,55
2027-03-13,49
2027-03-13,23
2027-03-13,60
2027-03-13,44
2027-03-14,43
2027-03-14,35
2027-03-14,51
2027-03-14,42
2027-03-14,47
2027-03-14,52
2027-03-14,51
2027-03-14,47
2027-03-15,58
2027-03-15,62
2027-03-15,56
2027-03-15,49
2027-03-15,1
2027-03-15,48
2027-03-15,47
2027-03-15,36
2027-03-16,42
2027-03-16,57
2027-03-16,48
2027-03-16,47
2027-03-16,44
2027-03-16,56
2027-03-16,1
2027-03-16,51
2027-03-17,48
2027-03-17,59
2027-03-17,40
2027-03-17,44
2027-03-17,46
2027-03-17,34
2027-03-17,46
2027-03-17,48
2027-03-18,45
2027-03-18,56
2027-03-18,88
2027-03-18,47
2027-03-18,37
2027-03-18,49
2027-03-18,46
2027-03-18,27
2027-03-19,56
2027-03-19,43
2027-03-19,61
2027-03-19,43
2027-03-19,41
2027-03-19,51
2027-03-19,48
2027-03-19,50
2027-03-20,92
2027-03-20,49
2027-03-20,55
2027-03-20,23
2027-03-20,40
2027-03-20,54
2027-03-20,61
2027-03-20,44
2027-03-21,52
2027-03-21,51
2027-03-21,35
2027-03-21,42
2027-03-21,51
2027-03-21,43
2027-03-21,46
2027-03-21,47
2027-03-22,62
2027-03-22,36
2027-03-22,58
2027-03-22,49
2027-03-22,49
2027-03-22,1
2027-03-22,47
2027-03-22,55
2027-03-23,56
2027-03-23,44
2027-03-23,48
2027-03-23,47
2027-03-23,57
2027-03-23,51
2027-03-23,1
2027-03-23,42
2027-03-24,44
2027-03-24,34
2027-03-24,46
2027-03-24,48
2027-03-24,59
2027-03-24,48
2027-03-24,46
2027-03-24,40
2027-03-25,88
2027-03-25,44
2027-03-25,49
2027-03-25,46
2027-03-25,27
2027-03-25,56
2027-03-25,47
2027-03-25,37
2027-03-26,43
2027-03-26,43
2027-03-26,61
2027-03-26,50
2027-03-26,56
2027-03-26,41
2027-03-26,48
2027-03-26,51
2027-03-27,23
2027-03-27,44
2027-03-27,49
2027-03-27,54
2027-03-27,55
2027-03-27,61
2027-03-27,40
2027-03-27,92
2027-03-28,42
2027-03-28,52
2027-03-28,51
2027-03-28,43
2027-03-28,47
2027-03-28,51
2027-03-28,35
2027-03-28,46
2027-03-29,36
2027-03-29,49
2027-03-29,1
2027-03-29,49
2027-03-29,55
2027-03-29,47
2027-03-29,62
2027-03-29,58
2027-03-30,51
2027-03-30,1
2027-03-30,44
2027-03-30,57
2027-03-30,47
2027-03-30,56
2027-03-30,49
2027-03-30,42
2027-03-31,46
2027-03-31,40
2027-03-31,44
2027-03-31,60
2027-03-31,34
2027-03-31,48
2027-03-31,48
2027-03-31,46
2027-04-01,37
2027-04-01,27
2027-04-01,56
2027-04-01,46
2027-04-01,88
2027-04-01,47
2027-04-01,49
2027-04-01,44
2027-04-02,43
2027-04-02,48
2027-04-02,57
2027-04-02,61
2027-04-02,43
2027-04-02,41
2027-04-02,51
2027-04-02,50
2027-04-03,40
2027-04-03,61
2027-04-03,23
2027-04-03,92
2027-04-03,56
2027-04-03,49
2027-04-03,54
2027-04-03,44
2027-04-04,42
2027-04-04,43
2027-04-04,47
2027-04-04,46
2027-04-04,35
2027-04-04,51
2027-04-04,51
2027-04-04,52
2027-04-05,1
2027-04-05,36
2027-04-05,47
2027-04-05,62
2027-04-05,49
2027-04-05,49
2027-04-05,58
2027-04-05,55
2027-04-06,56
2027-04-06,57
2027-04-06,44
2027-04-06,42
2027-04-06,1
2027-04-06,47
2027-04-06,51
2027-04-06,49
2027-04-07,48
2027-04-07,60
2027-04-07,44
2027-04-07,46
2027-04-07,46
2027-04-07,40
2027-04-07,34
2027-04-07,48
2027-04-08,27
2027-04-08,46
2027-04-08,37
2027-04-08,56
2027-04-08,44
2027-04-08,48
2027-04-08,49
2027-04-08,88
2027-04-09,43
2027-04-09,57
2027-04-09,50
2027-04-09,43
2027-04-09,50
2027-04-09,48
2027-04-09,61
2027-04-09,41
2027-04-10,61
2027-04-10,39
2027-04-10,54
2027-04-10,23
2027-04-10,43
2027-04-10,92
2027-04-10,56
2027-04-10,49
2027-04-11,46
2027-04-11,42
2027-04-11,47
2027-04-11,52
2027-04-11,43
2027-04-11,52
2027-04-11,51
2027-04-11,35
2027-04-12,62
2027-04-12,1
2027-04-12,47
2027-04-12,49
2027-04-12,55
2027-04-12,49
2027-04-12,58
2027-04-12,36
2027-04-13,1
2027-04-13,56
2027-04-13,47
2027-04-13,58
2027-04-13,51
2027-04-13,44
2027-04-13,49
2027-04-13,42
2027-04-14,46
2027-04-14,49
2027-04-14,48
2027-04-14,40
2027-04-14,34
2027-04-14,46
2027-04-14,44
2027-04-14,60
2027-04-15,88
2027-04-15,49
2027-04-15,57
2027-04-15,48
2027-04-15,27
2027-04-15,44
2027-04-15,46
2027-04-15,37
2027-04-16,43
2027-04-16,61
2027-04-16,50
2027-04-16,43
2027-04-16,57
2027-04-16,41
2027-04-16,50
2027-04-16,48
2027-04-17,54
2027-04-17,92
2027-04-17,23
2027-04-17,48
2027-04-17,43
2027-04-17,39
2027-04-17,61
2027-04-17,56
2027-04-18,43
2027-04-18,52
2027-04-18,51
2027-04-18,35
2027-04-18,47
2027-04-18,46
2027-04-18,42
2027-04-18,52
2027-04-19,49
2027-04-19,63
2027-04-19,55
2027-04-19,57
2027-04-19,36
2027-04-19,49
2027-04-19,1
2027-04-19,47
2027-04-20,49
2027-04-20,42
2027-04-20,51
2027-04-20,47
2027-04-20,56
2027-04-20,1
2027-04-20,58
2027-04-20,44
2027-04-21,60
2027-04-21,40
2027-04-21,46
2027-04-21,34
2027-04-21,48
2027-04-21,46
2027-04-21,44
2027-04-21,49
2027-04-22,57
2027-04-22,88
2027-04-22,48
2027-04-22,37
2027-04-22,49
2027-04-22,44
2027-04-22,27
2027-04-22,46
2027-04-23,41
2027-04-23,57
2027-04-23,43
2027-04-23,61
2027-04-23,43
2027-04-23,50
2027-04-23,48
2027-04-23,50
2027-04-24,56
2027-04-24,54
2027-04-24,43
2027-04-24,92
2027-04-24,23
2027-04-24,61
2027-04-24,39
2027-04-24,48
2027-04-25,35
2027-04-25,52
2027-04-25,42
2027-04-25,52
2027-04-25,46
2027-04-25,43
2027-04-25,52
2027-04-25,47
2027-04-26,36
2027-04-26,55
2027-04-26,57
2027-04-26,49
2027-04-26,1
2027-04-26,49
2027-04-26,63
2027-04-26,47
2027-04-27,49
2027-04-27,51
2027-04-27,58
2027-04-27,44
2027-04-27,1
2027-04-27,56
2027-04-27,42
2027-04-27,47
2027-04-28,46
2027-04-28,60
2027-04-28,46
2027-04-28,34
2027-04-28,44
2027-04-28,48
2027-04-28,49
2027-04-28,40
2027-04-29,46
2027-04-29,49
2027-04-29,88
2027-04-29,37
2027-04-29,48
2027-04-29,44
2027-04-29,27
2027-04-29,57
2027-04-30,40
2027-04-30,48
2027-04-30,43
2027-04-30,57
2027-04-30,43
2027-04-30,62
2027-04-30,50
2027-04-30,50
2027-05-01,23
2027-05-01,39
2027-05-01,43
2027-05-01,62
2027-05-01,92
2027-05-01,48
2027-05-01,54
2027-05-01,56
2027-05-02,52
2027-05-02,47
2027-05-02,43
2027-05-02,35
2027-05-02,46
2027-05-02,42
2027-05-02,52
2027-05-02,52
2027-05-03,63
2027-05-03,49
2027-05-03,1
2027-05-03,48
2027-05-03,36
2027-05-03,55
2027-05-03,57
2027-05-03,47
2027-05-04,51
2027-05-04,1
2027-05-04,47
2027-05-04,56
2027-05-04,44
2027-05-04,49
2027-05-04,42
2027-05-04,58
2027-05-05,44
2027-05-05,40
2027-05-05,46
2027-05-05,46
2027-05-05,49
2027-05-05,60
2027-05-05,48
2027-05-05,34
2027-05-06,37
2027-05-06,49
2027-05-06,27
2027-05-06,48
2027-05-06,45
2027-05-06,44
2027-05-06,57
2027-05-06,88
2027-05-07,43
2027-05-07,40
2027-05-07,50
2027-05-07,50
2027-05-07,43
2027-05-07,57
2027-05-07,62
2027-05-07,48
2027-05-08,62
2027-05-08,39
2027-05-08,56
2027-05-08,54
2027-05-08,48
2027-05-08,43
2027-05-08,92
2027-05-08,23
2027-05-09,46
2027-05-09,52
2027-05-09,43
2027-05-09,42
2027-05-09,52
2027-05-09,52
2027-05-09,46
2027-05-09,35
2027-05-10,47
2027-05-10,50
2027-05-10,63
2027-05-10,36
2027-05-10,48
2027-05-10,57
2027-05-10,1
2027-05-10,55
2027-05-11,44
2027-05-11,47
2027-05-11,56
2027-05-11,50
2027-05-11,42
2027-05-11,49
2027-05-11,1
2027-05-11,58
2027-05-12,34
2027-05-12,40
2027-05-12,49
2027-05-12,46
2027-05-12,61
2027-05-12,46
2027-05-12,44
2027-05-12,48
2027-05-13,57
2027-05-13,48
2027-05-13,37
2027-05-13,45
2027-05-13,27
2027-05-13,88
2027-05-13,49
2027-05-13,44
2027-05-14,48
2027-05-14,62
2027-05-14,40
2027-05-14,57
2027-05-14,50
2027-05-14,43
2027-05-14,50
2027-05-14,43
2027-05-15,39
2027-05-15,43
2027-05-15,54
2027-05-15,48
2027-05-15,62
2027-05-15,92
2027-05-15,23
2027-05-15,56
2027-05-16,35
2027-05-16,46
2027-05-16,52
2027-05-16,43
2027-05-16,52
2027-05-16,46
2027-05-16,52
2027-05-16,42
2027-05-17,48
2027-05-17,47
2027-05-17,1
2027-05-17,57
2027-05-17,55
2027-05-17,63
2027-05-17,50
2027-05-17,36
2027-05-18,44
2027-05-18,47
2027-05-18,50
2027-05-18,1
2027-05-18,58
2027-05-18,56
2027-05-18,49
2027-05-18,42
2027-05-19,45
2027-05-19,61
2027-05-19,47
2027-05-19,49
2027-05-19,44
2027-05-19,40
2027-05-19,46
2027-05-19,34
2027-05-20,37
2027-05-20,44
2027-05-20,88
2027-05-20,45
2027-05-20,49
2027-05-20,48
2027-05-20,27
2027-05-20,57
2027-05-21,50
2027-05-21,43
2027-05-21,40
2027-05-21,50
2027-05-21,58
2027-05-21,43
2027-05-21,62
2027-05-21,48
2027-05-22,39
2027-05-22,54
2027-05-22,92
2027-05-22,57
2027-05-22,48
2027-05-22,23
2027-05-22,43
2027-05-22,62
2027-05-23,46
2027-05-23,52
2027-05-23,42
2027-05-23,52
2027-05-23,43
2027-05-23,52
2027-05-23,46
2027-05-23,34
2027-05-24,36
2027-05-24,47
2027-05-24,55
2027-05-24,1
2027-05-24,50
2027-05-24,63
2027-05-24,57
2027-05-24,48
2027-05-25,50
2027-05-25,50
2027-05-25,59
2027-05-25,44
2027-05-25,46
2027-05-25,42
2027-05-25,1
2027-05-25,56
2027-05-26,47
2027-05-26,61
2027-05-26,40
2027-05-26,44
2027-05-26,49
2027-05-26,46
2027-05-26,34
2027-05-26,45
2027-05-27,48
2027-05-27,45
2027-05-27,58
2027-05-27,49
2027-05-27,44
2027-05-27,27
2027-05-27,88
2027-05-27,37
2027-05-28,40
2027-05-28,50
2027-05-28,43
2027-05-28,43
2027-05-28,50
2027-05-28,62
2027-05-28,48
2027-05-28,58
2027-05-29,62
2027-05-29,57
2027-05-29,92
2027-05-29,43
2027-05-29,54
2027-05-29,48
2027-05-29,39
2027-05-29,23
2027-05-30,43
2027-05-30,42
2027-05-30,46
2027-05-30,52
2027-05-30,52
2027-05-30,53
2027-05-30,34
2027-05-30,45
2027-05-31,50
2027-05-31,1
2027-05-31,47
2027-05-31,64
2027-05-31,36
2027-05-31,55
2027-05-31,57
2027-05-31,48
2027-06-01,59
2027-06-01,50
2027-06-01,56
2027-06-01,1
2027-06-01,50
2027-06-01,46
2027-06-01,42
2027-06-01,44
2027-06-02,46
2027-06-02,40
2027-06-02,47
2027-06-02,45
2027-06-02,44
2027-06-02,61
2027-06-02,50
2027-06-02,34
2027-06-03,37
2027-06-03,27
2027-06-03,58
2027-06-03,43
2027-06-03,49
2027-06-03,45
2027-06-03,49
2027-06-03,88
2027-06-04,50
2027-06-04,58
2027-06-04,62
2027-06-04,50
2027-06-04,48
2027-06-04,40
2027-06-04,43
2027-06-04,43
2027-06-05,23
2027-06-05,54
2027-06-05,62
2027-06-05,43
2027-06-05,48
2027-06-05,57
2027-06-05,92
2027-06-05,39
2027-06-06,42
2027-06-06,52
2027-06-06,52
2027-06-06,45
2027-06-06,34
2027-06-06,43
2027-06-06,46
2027-06-06,53
2027-06-07,55
2027-06-07,57
2027-06-07,1
2027-06-07,64
2027-06-07,50
2027-06-07,47
2027-06-07,36
2027-06-07,48
2027-06-08,50
2027-06-08,56
2027-06-08,42
2027-06-08,50
2027-06-08,44
2027-06-08,59
2027-06-08,46
2027-06-08,1
2027-06-09,34
2027-06-09,45
2027-06-09,44
2027-06-09,40
2027-06-09,50
2027-06-09,61
2027-06-09,46
2027-06-09,47
2027-06-10,43
2027-06-10,37
2027-06-10,58
2027-06-10,45
2027-06-10,49
2027-06-10,88
2027-06-10,48
2027-06-10,27
2027-06-11,40
2027-06-11,58
2027-06-11,50
2027-06-11,43
2027-06-11,43
2027-06-11,50
2027-06-11,48
2027-06-11,63
2027-06-12,57
2027-06-12,92
2027-06-12,43
2027-06-12,54
2027-06-12,63
2027-06-12,39
2027-06-12,48
2027-06-12,23
2027-06-13,42
2027-06-13,53
2027-06-13,52
2027-06-13,46
2027-06-13,45
2027-06-13,53
2027-06-13,34
2027-06-13,43
2027-06-14,64
2027-06-14,55
2027-06-14,36
2027-06-14,46
2027-06-14,1
2027-06-14,57
2027-06-14,48
2027-06-14,50
2027-06-15,56
2027-06-15,59
2027-06-15,43
2027-06-15,46
2027-06-15,1
2027-06-15,42
2027-06-15,50
2027-06-15,50
2027-06-16,47
2027-06-16,46
2027-06-16,40
2027-06-16,50
2027-06-16,45
2027-06-16,44
2027-06-16,61
2027-06-16,34
2027-06-17,37
2027-06-17,48
2027-06-17,45
2027-06-17,49
2027-06-17,43
2027-06-17,58
2027-06-17,27
2027-06-17,88
2027-06-18,43
2027-06-18,40
2027-06-18,50
2027-06-18,58
2027-06-18,43
2027-06-18,48
2027-06-18,49
2027-06-18,63
2027-06-19,54
2027-06-19,39
2027-06-19,63
2027-06-19,57
2027-06-19,92
2027-06-19,48
2027-06-19,42
2027-06-19,23
2027-06-20,42
2027-06-20,43
2027-06-20,46
2027-06-20,52
2027-06-20,34
2027-06-20,53
2027-06-20,45
2027-06-20,53
2027-06-21,56
2027-06-21,1
2027-06-21,46
2027-06-21,36
2027-06-21,48
2027-06-21,64
2027-06-21,55
2027-06-21,50
2027-06-22,50
2027-06-22,1
2027-06-22,59
2027-06-22,46
2027-06-22,55
2027-06-22,50
2027-06-22,43
2027-06-22,42
2027-06-23,50
2027-06-23,47
2027-06-23,46
2027-06-23,44
2027-06-23,40
2027-06-23,62
2027-06-23,45
2027-06-23,34
2027-06-24,48
2027-06-24,49
2027-06-24,27
2027-06-24,45
2027-06-24,37
2027-06-24,43
2027-06-24,58
2027-06-24,88
2027-06-25,63
2027-06-25,48
2027-06-25,49
2027-06-25,40
2027-06-25,43
2027-06-25,50
2027-06-25,58
2027-06-25,43
2027-06-26,57
2027-06-26,47
2027-06-26,42
2027-06-26,23
2027-06-26,54
2027-06-26,63
2027-06-26,92
2027-06-26,39
2027-06-27,43
2027-06-27,34
2027-06-27,53
2027-06-27,45
2027-06-27,52
2027-06-27,53
2027-06-27,42
2027-06-27,46
2027-06-28,48
2027-06-28,64
2027-06-28,56
2027-06-28,1
2027-06-28,36
2027-06-28,55
2027-06-28,50
2027-06-28,46
2027-06-29,55
2027-06-29,42
2027-06-29,43
2027-06-29,50
2027-06-29,50
2027-06-29,1
2027-06-29,59
2027-06-29,46
2027-06-30,34
2027-06-30,45
2027-06-30,39
2027-06-30,47
2027-06-30,46
2027-06-30,50
2027-06-30,44
2027-06-30,62
2027-07-01,48
2027-07-01,58
2027-07-01,49
2027-07-01,27
2027-07-01,88
2027-07-01,37
2027-07-01,45
2027-07-01,43
2027-07-02,42
2027-07-02,48
2027-07-02,49
2027-07-02,40
2027-07-02,63
2027-07-02,50
2027-07-02,43
2027-07-02,59
2027-07-03,54
2027-07-03,39
2027-07-03,42
2027-07-03,92
2027-07-03,23
2027-07-03,47
2027-07-03,58
2027-07-03,63
2027-07-04,46
2027-07-04,53
2027-07-04,42
2027-07-04,53
2027-07-04,52
2027-07-04,34
2027-07-04,45
2027-07-04,43
2027-07-05,47
2027-07-05,51
2027-07-05,1
2027-07-05,64
2027-07-05,56
2027-07-05,46
2027-07-05,36
2027-07-05,55
2027-07-06,46
2027-07-06,43
2027-07-06,59
2027-07-06,50
2027-07-06,55
2027-07-06,50
2027-07-06,42
2027-07-06,1
2027-07-07,44
2027-07-07,50
2027-07-07,45
2027-07-07,47
2027-07-07,46
2027-07-07,62
2027-07-07,39
2027-07-07,34
2027-07-08,43
2027-07-08,49
2027-07-08,59
2027-07-08,27
2027-07-08,48
2027-07-08,45
2027-07-08,88
2027-07-08,36
2027-07-09,59
2027-07-09,48
2027-07-09,42
2027-07-09,40
2027-07-09,49
2027-07-09,43
2027-07-09,50
2027-07-09,63
2027-07-10,39
2027-07-10,42
2027-07-10,47
2027-07-10,58
2027-07-10,92
2027-07-10,23
2027-07-10,53
2027-07-10,63
2027-07-11,53
2027-07-11,45
2027-07-11,42
2027-07-11,53
2027-07-11,46
2027-07-11,52
2027-07-11,34
2027-07-11,43
2027-07-12,56
2027-07-12,55
2027-07-12,36
2027-07-12,1
2027-07-12,65
2027-07-12,47
2027-07-12,51
2027-07-12,46
2027-07-13,43
2027-07-13,60
2027-07-13,42
2027-07-13,55
2027-07-13,49
2027-07-13,46
2027-07-13,51
2027-07-13,1
2027-07-14,39
2027-07-14,50
2027-07-14,44
2027-07-14,45
2027-07-14,46
2027-07-14,47
2027-07-14,62
2027-07-14,34
2027-07-15,43
2027-07-15,49
2027-07-15,88
2027-07-15,44
2027-07-15,27
2027-07-15,48
2027-07-15,59
2027-07-15,36
2027-07-16,49
2027-07-16,48
2027-07-16,63
2027-07-16,42
2027-07-16,59
2027-07-16,39
2027-07-16,43
2027-07-16,49
2027-07-17,63
2027-07-17,39
2027-07-17,42
2027-07-17,92
2027-07-17,47
2027-07-17,23
2027-07-17,58
2027-07-17,53
2027-07-18,34
2027-07-18,42
2027-07-18,52
2027-07-18,54
2027-07-18,45
2027-07-18,53
2027-07-18,43
2027-07-18,46
2027-07-19,36
2027-07-19,1
2027-07-19,65
2027-07-19,56
2027-07-19,51
2027-07-19,47
2027-07-19,55
2027-07-19,46
2027-07-20,43
2027-07-20,1
2027-07-20,49
2027-07-20,46
2027-07-20,55
2027-07-20,51
2027-07-20,60
2027-07-20,42
2027-07-21,44
2027-07-21,62
2027-07-21,34
2027-07-21,47
2027-07-21,44
2027-07-21,51
2027-07-21,46
2027-07-21,39
2027-07-22,50
2027-07-22,59
2027-07-22,48
2027-07-22,36
2027-07-22,27
2027-07-22,43
2027-07-22,44
2027-07-22,88
2027-07-23,49
2027-07-23,59
2027-07-23,43
2027-07-23,42
2027-07-23,48
2027-07-23,64
2027-07-23,49
2027-07-23,39
2027-07-24,42
2027-07-24,58
2027-07-24,23
2027-07-24,53
2027-07-24,47
2027-07-24,92
2027-07-24,64
2027-07-24,39
2027-07-25,34
2027-07-25,45
2027-07-25,42
2027-07-25,54
2027-07-25,53
2027-07-25,45
2027-07-25,43
2027-07-25,52
2027-07-26,56
2027-07-26,47
2027-07-26,65
2027-07-26,46
2027-07-26,36
2027-07-26,1
2027-07-26,55
2027-07-26,51
2027-07-27,49
2027-07-27,60
2027-07-27,42
2027-07-27,1
2027-07-27,55
2027-07-27,43
2027-07-27,45
2027-07-27,51
2027-07-28,62
2027-07-28,34
2027-07-28,51
2027-07-28,44
2027-07-28,39
2027-07-28,46
2027-07-28,44
2027-07-28,46
2027-07-29,48
2027-07-29,50
2027-07-29,44
2027-07-29,88
2027-07-29,36
2027-07-29,43
2027-07-29,27
2027-07-29,59
2027-07-30,59
2027-07-30,49
2027-07-30,49
2027-07-30,39
2027-07-30,42
2027-07-30,48
2027-07-30,43
2027-07-30,64
2027-07-31,58
2027-07-31,42
2027-07-31,39
2027-07-31,64
2027-07-31,23
2027-07-31,53
2027-07-31,92
2027-07-31,47
2027-08-01,54
2027-08-01,43
2027-08-01,52
2027-08-01,54
2027-08-01,45
2027-08-01,45
2027-08-01,34
2027-08-01,42
2027-08-02,56
2027-08-02,55
2027-08-02,65
2027-08-02,36
2027-08-02,1
2027-08-02,51
2027-08-02,47
2027-08-02,46
2027-08-03,60
2027-08-03,42
2027-08-03,49
2027-08-03,1
2027-08-03,43
2027-08-03,45
2027-08-03,51
2027-08-03,55
2027-08-04,46
2027-08-04,62
2027-08-04,46
2027-08-04,51
2027-08-04,44
2027-08-04,44
2027-08-04,39
2027-08-04,34
2027-08-05,88
2027-08-05,50
2027-08-05,59
2027-08-05,36
2027-08-05,27
2027-08-05,43
2027-08-05,44
2027-08-05,48
2027-08-06,59
2027-08-06,43
2027-08-06,48
2027-08-06,64
2027-08-06,49
2027-08-06,42
2027-08-06,39
2027-08-06,49
2027-08-07,53
2027-08-07,58
2027-08-07,64
2027-08-07,39
2027-08-07,42
2027-08-07,23
2027-08-07,92
2027-08-07,47
2027-08-08,54
2027-08-08,44
2027-08-08,54
2027-08-08,42
2027-08-08,52
2027-08-08,34
2027-08-08,43
2027-08-08,45
2027-08-09,46
2027-08-09,56
2027-08-09,47
2027-08-09,55
2027-08-09,65
2027-08-09,1
2027-08-09,51
2027-08-09,36
2027-08-10,43
2027-08-10,45
2027-08-10,55
2027-08-10,51
2027-08-10,60
2027-08-10,1
2027-08-10,42
2027-08-10,49
2027-08-11,63
2027-08-11,51
2027-08-11,46
2027-08-11,39
2027-08-11,34
2027-08-11,46
2027-08-11,44
2027-08-11,44
2027-08-12,88
2027-08-12,59
2027-08-12,36
2027-08-12,48
2027-08-12,50
2027-08-12,27
2027-08-12,44
2027-08-12,42
2027-08-13,39
2027-08-13,42
2027-08-13,43
2027-08-13,49
2027-08-13,64
2027-08-13,49
2027-08-13,60
2027-08-13,48
2027-08-14,53
2027-08-14,23
2027-08-14,47
2027-08-14,92
2027-08-14,59
2027-08-14,42
2027-08-14,64
2027-08-14,39
2027-08-15,44
2027-08-15,43
2027-08-15,42
2027-08-15,54
2027-08-15,45
2027-08-15,54
2027-08-15,52
2027-08-15,34
2027-08-16,51
2027-08-16,36
2027-08-16,55
2027-08-16,46
2027-08-16,55
2027-08-16,1
2027-08-16,65
2027-08-16,47
2027-08-17,51
2027-08-17,60
2027-08-17,1
2027-08-17,55
2027-08-17,42
2027-08-17,45
2027-08-17,43
2027-08-17,49
2027-08-18,46
2027-08-18,44
2027-08-18,46
2027-08-18,44
2027-08-18,34
2027-08-18,51
2027-08-18,39
2027-08-18,63
2027-08-19,42
2027-08-19,27
2027-08-19,50
2027-08-19,36
2027-08-19,60
2027-08-19,88
2027-08-19,48
2027-08-19,44
2027-08-20,39
2027-08-20,43
2027-08-20,49
2027-08-20,60
2027-08-20,42
2027-08-20,48
2027-08-20,48
2027-08-20,64
2027-08-21,42
2027-08-21,92
2027-08-21,23
2027-08-21,53
2027-08-21,64
2027-08-21,47
2027-08-21,59
2027-08-21,39
2027-08-22,42
2027-08-22,43
2027-08-22,54
2027-08-22,54
2027-08-22,52
2027-08-22,44
2027-08-22,34
2027-08-22,45
2027-08-23,66
2027-08-23,55
2027-08-23,1
2027-08-23,46
2027-08-23,36
2027-08-23,47
2027-08-23,52
2027-08-23,55
2027-08-24,45
2027-08-24,1
2027-08-24,43
2027-08-24,49
2027-08-24,51
2027-08-24,61
2027-08-24,55
2027-08-24,42
2027-08-25,51
2027-08-25,44
2027-08-25,44
2027-08-25,34
2027-08-25,46
2027-08-25,46
2027-08-25,39
2027-08-25,63
2027-08-26,44
2027-08-26,42
2027-08-26,36
2027-08-26,60
2027-08-26,27
2027-08-26,50
2027-08-26,48
2027-08-26,88
2027-08-27,48
2027-08-27,42
2027-08-27,64
2027-08-27,43
2027-08-27,39
2027-08-27,60
2027-08-27,48
2027-08-27,49
2027-08-28,47
2027-08-28,59
2027-08-28,53
2027-08-28,64
2027-08-28,92
2027-08-28,23
2027-08-28,41
2027-08-28,39
2027-08-29,45
2027-08-29,44
2027-08-29,54
2027-08-29,54
2027-08-29,42
2027-08-29,34
2027-08-29,52
2027-08-29,43
2027-08-30,1
2027-08-30,66
2027-08-30,36
2027-08-30,46
2027-08-30,52
2027-08-30,47
2027-08-30,55
2027-08-30,55
2027-08-31,45
2027-08-31,43
2027-08-31,49
2027-08-31,55
2027-08-31,1
2027-08-31,61
2027-08-31,42
2027-08-31,51
2027-09-01,63
2027-09-01,46
2027-09-01,44
2027-09-01,46
2027-09-01,34
2027-09-01,44
2027-09-01,39
2027-09-01,51
2027-09-02,60
2027-09-02,50
2027-09-02,44
2027-09-02,48
2027-09-02,36
2027-09-02,42
2027-09-02,27
2027-09-02,88
2027-09-03,60
2027-09-03,49
2027-09-03,65
2027-09-03,42
2027-09-03,48
2027-09-03,43
2027-09-03,48
2027-09-03,39
2027-09-04,46
2027-09-04,59
2027-09-04,53
2027-09-04,64
2027-09-04,39
2027-09-04,92
2027-09-04,23
2027-09-04,41
2027-09-05,42
2027-09-05,44
2027-09-05,54
2027-09-05,43
2027-09-05,55
2027-09-05,52
2027-09-05,45
2027-09-05,34
2027-09-06,46
2027-09-06,55
2027-09-06,46
2027-09-06,55
2027-09-06,1
2027-09-06,36
2027-09-06,52
2027-09-06,66
2027-09-07,52
2027-09-07,49
2027-09-07,1
2027-09-07,61
2027-09-07,43
2027-09-07,42
2027-09-07,55
2027-09-07,45
2027-09-08,39
2027-09-08,34
2027-09-08,51
2027-09-08,44
2027-09-08,44
2027-09-08,46
2027-09-08,63
2027-09-08,46
2027-09-09,88
2027-09-09,44
2027-09-09,42
2027-09-09,48
2027-09-09,50
2027-09-09,36
2027-09-09,60
2027-09-09,27
2027-09-10,42
2027-09-10,48
2027-09-10,49
2027-09-10,48
2027-09-10,65
2027-09-10,60
2027-09-10,39
2027-09-10,43
2027-09-11,65
2027-09-11,39
2027-09-11,23
2027-09-11,41
2027-09-11,46
2027-09-11,59
2027-09-11,92
2027-09-11,53
2027-09-12,44
2027-09-12,51
2027-09-12,55
2027-09-12,54
2027-09-12,43
2027-09-12,34
2027-09-12,42
2027-09-12,45
2027-09-13,55
2027-09-13,1
2027-09-13,52
2027-09-13,66
2027-09-13,36
2027-09-13,46
2027-09-13,55
2027-09-13,46
2027-09-14,61
2027-09-14,42
2027-09-14,48
2027-09-14,43
2027-09-14,52
2027-09-14,45
2027-09-14,55
2027-09-14,1
2027-09-15,44
2027-09-15,63
2027-09-15,46
2027-09-15,44
2027-09-15,46
2027-09-15,34
2027-09-15,52
2027-09-15,39
2027-09-16,27
2027-09-16,48
2027-09-16,51
2027-09-16,44
2027-09-16,42
2027-09-16,36
2027-09-16,60
2027-09-16,88
2027-09-17,39
2027-09-17,65
2027-09-17,42
2027-09-17,49
2027-09-17,48
2027-09-17,48
2027-09-17,43
2027-09-17,60
2027-09-18,92
2027-09-18,59
2027-09-18,65
2027-09-18,41
2027-09-18,46
2027-09-18,23
2027-09-18,39
2027-09-18,53
2027-09-19,42
2027-09-19,44
2027-09-19,34
2027-09-19,43
2027-09-19,51
2027-09-19,55
2027-09-19,45
2027-09-19,55
2027-09-20,55
2027-09-20,1
2027-09-20,46
2027-09-20,55
2027-09-20,66
2027-09-20,52
2027-09-20,36
2027-09-20,46
2027-09-21,55
2027-09-21,42
2027-09-21,1
2027-09-21,61
2027-09-21,52
2027-09-21,43
2027-09-21,45
2027-09-21,48
2027-09-22,64
2027-09-22,39
2027-09-22,44
2027-09-22,44
2027-09-22,34
2027-09-22,46
2027-09-22,46
2027-09-22,52
2027-09-23,48
2027-09-23,60
2027-09-23,88
2027-09-23,51
2027-09-23,27
2027-09-23,42
2027-09-23,44
2027-09-23,36
2027-09-24,60
2027-09-24,49
2027-09-24,39
2027-09-24,65
2027-09-24,43
2027-09-24,42
2027-09-24,48
2027-09-24,48
2027-09-25,59
2027-09-25,65
2027-09-25,46
2027-09-25,41
2027-09-25,53
2027-09-25,39
2027-09-25,92
2027-09-25,23
2027-09-26,51
2027-09-26,55
2027-09-26,42
2027-09-26,34
2027-09-26,44
2027-09-26,45
2027-09-26,55
2027-09-26,43
2027-09-27,55
2027-09-27,67
2027-09-27,46
2027-09-27,36
2027-09-27,52
2027-09-27,1
2027-09-27,46
2027-09-27,54
2027-09-28,43
2027-09-28,55
2027-09-28,61
2027-09-28,48
2027-09-28,42
2027-09-28,45
2027-09-28,52
2027-09-28,1
2027-09-29,64
2027-09-29,43
2027-09-29,39
2027-09-29,34
2027-09-29,46
2027-09-29,52
2027-09-29,46
2027-09-29,44
2027-09-30,43
2027-09-30,51
2027-09-30,27
2027-09-30,42
2027-09-30,48
2027-09-30,88
2027-09-30,60
2027-09-30,36
2027-10-01,61
2027-10-01,49
2027-10-01,43
2027-10-01,38
2027-10-01,48
2027-10-01,48
2027-10-01,65
2027-10-01,42
2027-10-02,23
2027-10-02,41
2027-10-02,53
2027-10-02,46
2027-10-02,60
2027-10-02,39
2027-10-02,65
2027-10-02,92
2027-10-03,55
2027-10-03,51
2027-10-03,42
2027-10-03,44
2027-10-03,44
2027-10-03,43
2027-10-03,34
2027-10-03,55
2027-10-04,1
2027-10-04,46
2027-10-04,52
2027-10-04,36
2027-10-04,54
2027-10-04,55
2027-10-04,46
2027-10-04,67
2027-10-05,1
2027-10-05,62
2027-10-05,43
2027-10-05,44
2027-10-05,42
2027-10-05,52
2027-10-05,48
2027-10-05,55
2027-10-06,34
2027-10-06,39
2027-10-06,64
2027-10-06,52
2027-10-06,43
2027-10-06,44
2027-10-06,45
2027-10-06,46
2027-10-07,48
2027-10-07,88
2027-10-07,27
2027-10-07,51
2027-10-07,36
2027-10-07,43
2027-10-07,42
2027-10-07,61
2027-10-08,43
2027-10-08,48
2027-10-08,65
2027-10-08,42
2027-10-08,61
2027-10-08,49
2027-10-08,38
2027-10-08,48
2027-10-09,53
2027-10-09,41
2027-10-09,39
2027-10-09,46
2027-10-09,92
2027-10-09,23
2027-10-09,60
2027-10-09,65
2027-10-10,43
2027-10-10,34
2027-10-10,43
2027-10-10,55
2027-10-10,51
2027-10-10,42
2027-10-10,44
2027-10-10,55
2027-10-11,36
2027-10-11,1
2027-10-11,54
2027-10-11,67
2027-10-11,54
2027-10-11,46
2027-10-11,52
2027-10-11,46
2027-10-12,62
2027-10-12,44
2027-10-12,1
2027-10-12,52
2027-10-12,42
2027-10-12,55
2027-10-12,48
2027-10-12,43
2027-10-13,39
2027-10-13,45
2027-10-13,46
2027-10-13,34
2027-10-13,64
2027-10-13,52
2027-10-13,43
2027-10-13,44
2027-10-14,51
2027-10-14,48
2027-10-14,42
2027-10-14,61
2027-10-14,43
2027-10-14,88
2027-10-14,27
2027-10-14,36
2027-10-15,48
2027-10-15,42
2027-10-15,38
2027-10-15,61
2027-10-15,43
2027-10-15,49
2027-10-15,48
2027-10-15,66
2027-10-16,60
2027-10-16,53
2027-10-16,23
2027-10-16,92
2027-10-16,65
2027-10-16,46
2027-10-16,41
2027-10-16,39
2027-10-17,43
2027-10-17,34
2027-10-17,55
2027-10-17,51
2027-10-17,43
2027-10-17,55
2027-10-17,42
2027-10-17,44
2027-10-18,54
2027-10-18,54
2027-10-18,46
2027-10-18,46
2027-10-18,1
2027-10-18,36
2027-10-18,67
2027-10-18,53
2027-10-19,55
2027-10-19,43
2027-10-19,42
2027-10-19,48
2027-10-19,44
2027-10-19,1
2027-10-19,52
2027-10-19,62
2027-10-20,52
2027-10-20,34
2027-10-20,39
2027-10-20,43
2027-10-20,43
2027-10-20,46
2027-10-20,45
2027-10-20,64
2027-10-21,41
2027-10-21,61
2027-10-21,36
2027-10-21,88
2027-10-21,43
2027-10-21,27
2027-10-21,48
2027-10-21,51
2027-10-22,38
2027-10-22,48
2027-10-22,49
2027-10-22,66
2027-10-22,42
2027-10-22,48
2027-10-22,43
2027-10-22,61
2027-10-23,39
2027-10-23,46
2027-10-23,92
2027-10-23,53
2027-10-23,23
2027-10-23,60
2027-10-23,66
2027-10-23,41
2027-10-24,43
2027-10-24,44
2027-10-24,43
2027-10-24,51
2027-10-24,55
2027-10-24,42
2027-10-24,56
2027-10-24,34
2027-10-25,54
2027-10-25,36
2027-10-25,53
2027-10-25,1
2027-10-25,46
2027-10-25,54
2027-10-25,67
2027-10-25,46
2027-10-26,55
2027-10-26,52
2027-10-26,48
2027-10-26,42
2027-10-26,62
2027-10-26,1
2027-10-26,43
2027-10-26,44
2027-10-27,34
2027-10-27,45
2027-10-27,39
2027-10-27,43
2027-10-27,43
2027-10-27,46
2027-10-27,52
2027-10-27,64
2027-10-28,41
2027-10-28,36
2027-10-28,27
2027-10-28,48
2027-10-28,88
2027-10-28,43
2027-10-28,61
2027-10-28,51
2027-10-29,42
2027-10-29,47
2027-10-29,61
2027-10-29,38
2027-10-29,66
2027-10-29,43
2027-10-29,48
2027-10-29,49
2027-10-30,46
2027-10-30,60
2027-10-30,66
2027-10-30,41
2027-10-30,39
2027-10-30,23
2027-10-30,92
2027-10-30,53
2027-10-31,42
2027-10-31,44
2027-10-31,51
2027-10-31,43
2027-10-31,43
2027-10-31,56
2027-10-31,34
2027-10-31,55
2027-11-01,1
2027-11-01,54
2027-11-01,36
2027-11-01,46
2027-11-01,46
2027-11-01,54
2027-11-01,67
2027-11-01,53
2027-11-02,1
2027-11-02,48
2027-11-02,62
2027-11-02,53
2027-11-02,55
2027-11-02,42
2027-11-02,43
2027-11-02,44
2027-11-03,65
2027-11-03,43
2027-11-03,34
2027-11-03,53
2027-11-03,45
2027-11-03,43
2027-11-03,39
2027-11-03,46
2027-11-04,48
2027-11-04,41
2027-11-04,61
2027-11-04,36
2027-11-04,43
2027-11-04,88
2027-11-04,51
2027-11-04,27
2027-11-05,48
2027-11-05,43
2027-11-05,61
2027-11-05,66
2027-11-05,47
2027-11-05,38
2027-11-05,49
2027-11-05,42
2027-11-06,53
2027-11-06,66
2027-11-06,46
2027-11-06,40
2027-11-06,92
2027-11-06,60
2027-11-06,23
2027-11-06,39
2027-11-07,44
2027-11-07,51
2027-11-07,56
2027-11-07,43
2027-11-07,34
2027-11-07,42
2027-11-07,56
2027-11-07,43
2027-11-08,36
2027-11-08,54
2027-11-08,45
2027-11-08,53
2027-11-08,54
2027-11-08,68
2027-11-08,1
2027-11-08,46
2027-11-09,48
2027-11-09,43
2027-11-09,42
2027-11-09,55
2027-11-09,1
2027-11-09,44
2027-11-09,53
2027-11-09,62
2027-11-10,43
2027-11-10,43
2027-11-10,45
2027-11-10,39
2027-11-10,34
2027-11-10,46
2027-11-10,65
2027-11-10,53
2027-11-11,61
2027-11-11,43
2027-11-11,41
2027-11-11,27
2027-11-11,48
2027-11-11,52
2027-11-11,88
2027-11-11,36
2027-11-12,48
2027-11-12,66
2027-11-12,47
2027-11-12,43
2027-11-12,42
2027-11-12,49
2027-11-12,38
2027-11-12,62
2027-11-13,38
2027-11-13,23
2027-11-13,66
2027-11-13,40
2027-11-13,92
2027-11-13,61
2027-11-13,53
2027-11-13,45
2027-11-14,56
2027-11-14,43
2027-11-14,34
2027-11-14,43
2027-11-14,42
2027-11-14,51
2027-11-14,44
2027-11-14,56
2027-11-15,53
2027-11-15,54
2027-11-15,46
2027-11-15,36
2027-11-15,45
2027-11-15,1
2027-11-15,68
2027-11-15,54
2027-11-16,1
2027-11-16,44
2027-11-16,55
2027-11-16,53
2027-11-16,63
2027-11-16,42
2027-11-16,43
2027-11-16,48
2027-11-17,34
2027-11-17,53
2027-11-17,43
2027-11-17,39
2027-11-17,46
2027-11-17,45
2027-11-17,65
2027-11-17,43
2027-11-18,48
2027-11-18,52
2027-11-18,62
2027-11-18,36
2027-11-18,88
2027-11-18,41
2027-11-18,27
2027-11-18,43
2027-11-19,42
2027-11-19,43
2027-11-19,47
2027-11-19,48
2027-11-19,38
2027-11-19,49
2027-11-19,62
2027-11-19,66
2027-11-20,38
2027-11-20,40
2027-11-20,61
2027-11-20,45
2027-11-20,23
2027-11-20,92
2027-11-20,66
2027-11-20,53
2027-11-21,43
2027-11-21,34
2027-11-21,43
2027-11-21,56
2027-11-21,44
2027-11-21,42
2027-11-21,56
2027-11-21,51
2027-11-22,68
2027-11-22,46
2027-11-22,45
2027-11-22,53
2027-11-22,54
2027-11-22,54
2027-11-22,36
2027-11-22,1
2027-11-23,43
2027-11-23,1
2027-11-23,53
2027-11-23,44
2027-11-23,63
2027-11-23,42
2027-11-23,47
2027-11-23,55
2027-11-24,39
2027-11-24,53
2027-11-24,46
2027-11-24,34
2027-11-24,65
2027-11-24,45
2027-11-24,43
2027-11-24,43
2027-11-25,43
2027-11-25,88
2027-11-25,41
2027-11-25,36
2027-11-25,27
2027-11-25,48
2027-11-25,52
2027-11-25,62
2027-11-26,47
2027-11-26,49
2027-11-26,67
2027-11-26,62
2027-11-26,42
2027-11-26,48
2027-11-26,38
2027-11-26,43
2027-11-27,66
2027-11-27,45
2027-11-27,23
2027-11-27,38
2027-11-27,53
2027-11-27,40
2027-11-27,92
2027-11-27,61
2027-11-28,44
2027-11-28,43
2027-11-28,34
2027-11-28,43
2027-11-28,42
2027-11-28,51
2027-11-28,56
2027-11-28,56
2027-11-29,46
2027-11-29,36
2027-11-29,68
2027-11-29,53
2027-11-29,45
2027-11-29,54
2027-11-29,54
2027-11-29,1
2027-11-30,44
2027-11-30,43
2027-11-30,53
2027-11-30,55
2027-11-30,42
2027-11-30,63
2027-11-30,1
2027-11-30,47
2027-12-01,43
2027-12-01,53
2027-12-01,46
2027-12-01,45
2027-12-01,39
2027-12-01,65
2027-12-01,34
2027-12-01,43
2027-12-02,43
2027-12-02,41
2027-12-02,88
2027-12-02,48
2027-12-02,62
2027-12-02,27
2027-12-02,52
2027-12-02,36
2027-12-03,67
2027-12-03,49
2027-12-03,42
2027-12-03,62
2027-12-03,38
2027-12-03,47
2027-12-03,48
2027-12-03,43
2027-12-04,45
2027-12-04,67
2027-12-04,38
2027-12-04,92
2027-12-04,23
2027-12-04,53
2027-12-04,61
2027-12-04,40
2027-12-05,34
2027-12-05,51
2027-12-05,44
2027-12-05,43
2027-12-05,43
2027-12-05,42
2027-12-05,56
2027-12-05,56
2027-12-06,46
2027-12-06,45
2027-12-06,36
2027-12-06,54
2027-12-06,68
2027-12-06,54
2027-12-06,1
2027-12-06,54
2027-12-07,47
2027-12-07,43
2027-12-07,1
2027-12-07,43
2027-12-07,53
2027-12-07,55
2027-12-07,42
2027-12-07,63
2027-12-08,46
2027-12-08,43
2027-12-08,34
2027-12-08,42
2027-12-08,39
2027-12-08,65
2027-12-08,53
2027-12-08,45
2027-12-09,27
2027-12-09,41
2027-12-09,48
2027-12-09,88
2027-12-09,42
2027-12-09,62
2027-12-09,52
2027-12-09,36
2027-12-10,43
2027-12-10,47
2027-12-10,67
2027-12-10,48
2027-12-10,62
2027-12-10,49
2027-12-10,42
2027-12-10,38
2027-12-11,40
2027-12-11,92
2027-12-11,45
2027-12-11,67
2027-12-11,53
2027-12-11,38
2027-12-11,23
2027-12-11,61
2027-12-12,43
2027-12-12,42
2027-12-12,56
2027-12-12,57
2027-12-12,34
2027-12-12,51
2027-12-12,43
2027-12-12,43
2027-12-13,68
2027-12-13,36
2027-12-13,54
2027-12-13,53
2027-12-13,54
2027-12-13,46
2027-12-13,45
2027-12-13,1
2027-12-14,42
2027-12-14,1
2027-12-14,63
2027-12-14,55
2027-12-14,53
2027-12-14,43
2027-12-14,47
2027-12-14,43
2027-12-15,34
2027-12-15,46
2027-12-15,43
2027-12-15,39
2027-12-15,42
2027-12-15,53
2027-12-15,44
2027-12-15,66
2027-12-16,52
2027-12-16,27
2027-12-16,41
2027-12-16,42
2027-12-16,62
2027-12-16,88
2027-12-16,36
2027-12-16,48
2027-12-17,48
2027-12-17,47
2027-12-17,37
2027-12-17,43
2027-12-17,49
2027-12-17,67
2027-12-17,42
2027-12-17,62
2027-12-18,53
2027-12-18,45
2027-12-18,38
2027-12-18,92
2027-12-18,40
2027-12-18,67
2027-12-18,23
2027-12-18,61
2027-12-19,51
2027-12-19,42
2027-12-19,34
2027-12-19,43
2027-12-19,56
2027-12-19,42
2027-12-19,57
2027-12-19,43
2027-12-20,54
2027-12-20,54
2027-12-20,53
2027-12-20,36
2027-12-20,1
2027-12-20,46
2027-12-20,69
2027-12-20,45
2027-12-21,55
2027-12-21,54
2027-12-21,1
2027-12-21,42
2027-12-21,63
2027-12-21,43
2027-12-21,47
2027-12-21,43
2027-12-22,34
2027-12-22,66
2027-12-22,46
2027-12-22,39
2027-12-22,44
2027-12-22,54
2027-12-22,43
2027-12-22,42
2027-12-23,88
2027-12-23,48
2027-12-23,42
2027-12-23,27
2027-12-23,36
2027-12-23,62
2027-12-23,41
2027-12-23,52
2027-12-24,63
2027-12-24,43
2027-12-24,48
2027-12-24,47
2027-12-24,42
2027-12-24,67
2027-12-24,49
2027-12-24,37
2027-12-25,92
2027-12-25,45
2027-12-25,61
2027-12-25,40
2027-12-25,53
2027-12-25,67
2027-12-25,23
2027-12-25,38
2027-12-26,43
2027-12-26,43
2027-12-26,51
2027-12-26,56
2027-12-26,42
2027-12-26,42
2027-12-26,57
2027-12-26,34
2027-12-27,46
2027-12-27,54
2027-12-27,36
2027-12-27,45
2027-12-27,53
2027-12-27,69
2027-12-27,54
2027-12-27,1
2027-12-28,54
2027-12-28,1
2027-12-28,43
2027-12-28,54
2027-12-28,63
2027-12-28,42
2027-12-28,43
2027-12-28,47
2027-12-29,43
2027-12-29,34
2027-12-29,44
2027-12-29,66
2027-12-29,54
2027-12-29,42
2027-12-29,46
2027-12-29,39
2027-12-30,48
2027-12-30,27
2027-12-30,42
2027-12-30,36
2027-12-30,88
2027-12-30,41
2027-12-30,52
2027-12-30,62
2027-12-31,37
2027-12-31,49
2027-12-31,47
2027-12-31,48
2027-12-31,42
2027-12-31,67
2027-12-31,63
2027-12-31,43
