Date,Store_Location,Predicted_Units_Sold
2026-09-11,Bengaluru,2.48
2026-09-11,Chennai,2.76
2026-09-11,Delhi,2.54
2026-09-11,Mumbai,2.21
2026-09-12,Bengaluru,2.48
2026-09-12,Chennai,2.76
2026-09-12,Delhi,2.54
2026-09-12,Mumbai,2.21
2026-09-13,Bengaluru,2.48
2026-09-13,Chennai,2.76
2026-09-13,Delhi,2.54
2026-09-13,Mumbai,2.21
2026-09-14,Bengaluru,2.48
2026-09-14,Chennai,2.76
2026-09-14,Delhi,2.54
2026-09-14,Mumbai,2.21
2026-09-15,Bengaluru,2.48
2026-09-15,Chennai,2.76
2026-09-15,Delhi,2.54
2026-09-15,Mumbai,2.21
2026-09-16,Bengaluru,2.48
2026-09-16,Chennai,2.76
2026-09-16,Delhi,2.54
2026-09-16,Mumbai,2.21
2026-09-17,Bengaluru,2.48
2026-09-17,Chennai,2.76
2026-09-17,Delhi,2.54
2026-09-17,Mumbai,2.21
2026-09-18,Bengaluru,2.48
2026-09-18,Chennai,2.76
2026-09-18,Delhi,2.54
2026-09-18,Mumbai,2.21
2026-09-19,Bengaluru,2.48
2026-09-19,Chennai,2.76
2026-09-19,Delhi,2.54
2026-09-19,Mumbai,2.21
2026-09-20,Bengaluru,2.48
2026-09-20,Chennai,2.76
2026-09-20,Delhi,2.54
2026-09-20,Mumbai,2.21
2026-09-21,Bengaluru,2.48
2026-09-21,Chennai,2.76
2026-09-21,Delhi,2.54
2026-09-21,Mumbai,2.21
2026-09-22,Bengaluru,2.48
2026-09-22,Chennai,2.76
2026-09-22,Delhi,2.54
2026-09-22,Mumbai,2.21
2026-09-23,Bengaluru,2.48
2026-09-23,Chennai,2.76
2026-09-23,Delhi,2.54
2026-09-23,Mumbai,2.21
2026-09-24,Bengaluru,2.48
2026-09-24,Chennai,2.76
2026-09-24,Delhi,2.54
2026-09-24,Mumbai,2.21
2026-09-25,Bengaluru,2.48
2026-09-25,Chennai,2.76
2026-09-25,Delhi,2.54
2026-09-25,Mumbai,2.21
2026-09-26,Bengaluru,2.48
2026-09-26,Chennai,2.76
2026-09-26,Delhi,2.54
2026-09-26,Mumbai,2.21
2026-09-27,Bengaluru,2.48
2026-09-27,Chennai,2.76
2026-09-27,Delhi,2.54
2026-09-27,Mumbai,2.21
2026-09-28,Bengaluru,2.48
2026-09-28,Chennai,2.76
2026-09-28,Delhi,2.54
2026-09-28,Mumbai,2.21
2026-09-29,Bengaluru,2.48
2026-09-29,Chennai,2.76
2026-09-29,Delhi,2.54
2026-09-29,Mumbai,2.21
2026-09-30,Bengaluru,2.48
2026-09-30,Chennai,2.76
2026-09-30,Delhi,2.54
2026-09-30,Mumbai,2.21
2026-10-01,Bengaluru,2.48
2026-10-01,Chennai,2.76
2026-10-01,Delhi,2.54
2026-10-01,Mumbai,2.21
2026-10-02,Bengaluru,2.48
2026-10-02,Chennai,2.76
2026-10-02,Delhi,2.54
2026-10-02,Mumbai,2.21
2026-10-03,Bengaluru,2.48
2026-10-03,Chennai,2.76
2026-10-03,Delhi,2.54
2026-10-03,Mumbai,2.21
2026-10-04,Bengaluru,2.48
2026-10-04,Chennai,2.76
2026-10-04,Delhi,2.54
2026-10-04,Mumbai,2.21
2026-10-05,Bengaluru,2.48
2026-10-05,Chennai,2.76
2026-10-05,Delhi,2.54
2026-10-05,Mumbai,2.21
2026-10-06,Bengaluru,2.48
2026-10-06,Chennai,2.76
2026-10-06,Delhi,2.54
2026-10-06,Mumbai,2.21
2026-10-07,Bengaluru,2.48
2026-10-07,Chennai,2.76
2026-10-07,Delhi,2.54
2026-10-07,Mumbai,2.21
2026-10-08,Bengaluru,2.48
2026-10-08,Chennai,2.76
2026-10-08,Delhi,2.54
2026-10-08,Mumbai,2.21
2026-10-09,Bengaluru,2.48
2026-10-09,Chennai,2.76
2026-10-09,Delhi,2.54
2026-10-09,Mumbai,2.21
2026-10-10,Bengaluru,2.48
2026-10-10,Chennai,2.76
2026-10-10,Delhi,2.54
2026-10-10,Mumbai,2.21
2026-10-11,Bengaluru,2.48
2026-10-11,Chennai,2.76
2026-10-11,Delhi,2.54
2026-10-11,Mumbai,2.21
2026-10-12,Bengaluru,2.48
2026-10-12,Chennai,2.76
2026-10-12,Delhi,2.54
2026-10-12,Mumbai,2.21
2026-10-13,Bengaluru,2.48
2026-10-13,Chennai,2.76
2026-10-13,Delhi,2.54
2026-10-13,Mumbai,2.21
2026-10-14,Bengaluru,2.48
2026-10-14,Chennai,2.76
2026-10-14,Delhi,2.54
2026-10-14,Mumbai,2.21
2026-10-15,Bengaluru,2.48
2026-10-15,Chennai,2.76
2026-10-15,Delhi,2.54
2026-10-15,Mumbai,2.21
2026-10-16,Bengaluru,2.48
2026-10-16,Chennai,2.76
2026-10-16,Delhi,2.54
2026-10-16,Mumbai,2.21
2026-10-17,Bengaluru,2.48
2026-10-17,Chennai,2.76
2026-10-17,Delhi,2.54
2026-10-17,Mumbai,2.21
2026-10-18,Bengaluru,2.48
2026-10-18,Chennai,2.76
2026-10-18,Delhi,2.54
2026-10-18,Mumbai,2.21
2026-10-19,Bengaluru,2.48
2026-10-19,Chennai,2.76
2026-10-19,Delhi,2.54
2026-10-19,Mumbai,2.21
2026-10-20,Bengaluru,2.48
2026-10-20,Chennai,2.76
2026-10-20,Delhi,2.54
2026-10-20,Mumbai,2.21
2026-10-21,Bengaluru,2.48
2026-10-21,Chennai,2.76
2026-10-21,Delhi,2.54
2026-10-21,Mumbai,2.21
2026-10-22,Bengaluru,2.48
2026-10-22,Chennai,2.76
2026-10-22,Delhi,2.54
2026-10-22,Mumbai,2.21
2026-10-23,Bengaluru,2.48
2026-10-23,Chennai,2.76
2026-10-23,Delhi,2.54
2026-10-23,Mumbai,2.21
2026-10-24,Bengaluru,2.48
2026-10-24,Chennai,2.76
2026-10-24,Delhi,2.54
2026-10-24,Mumbai,2.21
2026-10-25,Bengaluru,2.48
2026-10-25,Chennai,2.76
2026-10-25,Delhi,2.54
2026-10-25,Mumbai,2.21
2026-10-26,Bengaluru,2.48
2026-10-26,Chennai,2.76
2026-10-26,Delhi,2.54
2026-10-26,Mumbai,2.21
2026-10-27,Bengaluru,2.48
2026-10-27,Chennai,2.76
2026-10-27,Delhi,2.54
2026-10-27,Mumbai,2.21
2026-10-28,Bengaluru,2.48
2026-10-28,Chennai,2.76
2026-10-28,Delhi,2.54
2026-10-28,Mumbai,2.21
2026-10-29,Bengaluru,2.48
2026-10-29,Chennai,2.76
2026-10-29,Delhi,2.54
2026-10-29,Mumbai,2.21
2026-10-30,Bengaluru,2.48
2026-10-30,Chennai,2.76
2026-10-30,Delhi,2.54
2026-10-30,Mumbai,2.21
2026-10-31,Bengaluru,2.48
2026-10-31,Chennai,2.76
2026-10-31,Delhi,2.54
2026-10-31,Mumbai,2.21
2026-11-01,Bengaluru,2.48
2026-11-01,Chennai,2.76
2026-11-01,Delhi,2.54
2026-11-01,Mumbai,2.21
2026-11-02,Bengaluru,2.48
2026-11-02,Chennai,2.76
2026-11-02,Delhi,2.54
2026-11-02,Mumbai,2.21
2026-11-03,Bengaluru,2.48
2026-11-03,Chennai,2.76
2026-11-03,Delhi,2.54
2026-11-03,Mumbai,2.21
2026-11-04,Bengaluru,2.48
2026-11-04,Chennai,2.76
2026-11-04,Delhi,2.54
2026-11-04,Mumbai,2.21
2026-11-05,Bengaluru,2.48
2026-11-05,Chennai,2.76
2026-11-05,Delhi,2.54
2026-11-05,Mumbai,2.21
2026-11-06,Bengaluru,2.48
2026-11-06,Chennai,2.76
2026-11-06,Delhi,2.54
2026-11-06,Mumbai,2.21
2026-11-07,Bengaluru,2.48
2026-11-07,Chennai,2.76
2026-11-07,Delhi,2.54
2026-11-07,Mumbai,2.21
2026-11-08,Bengaluru,2.48
2026-11-08,Chennai,2.76
2026-11-08,Delhi,2.54
2026-11-08,Mumbai,2.21
2026-11-09,Bengaluru,2.48
2026-11-09,Chennai,2.76
2026-11-09,Delhi,2.54
2026-11-09,Mumbai,2.21
2026-11-10,Bengaluru,2.48
2026-11-10,Chennai,2.76
2026-11-10,Delhi,2.54
2026-11-10,Mumbai,2.21
2026-11-11,Bengaluru,2.48
2026-11-11,Chennai,2.76
2026-11-11,Delhi,2.54
2026-11-11,Mumbai,2.21
2026-11-12,Bengaluru,2.48
2026-11-12,Chennai,2.76
2026-11-12,Delhi,2.54
2026-11-12,Mumbai,2.21
2026-11-13,Bengaluru,2.48
2026-11-13,Chennai,2.76
2026-11-13,Delhi,2.54
2026-11-13,Mumbai,2.21
2026-11-14,Bengaluru,2.48
2026-11-14,Chennai,2.76
2026-11-14,Delhi,2.54
2026-11-14,Mumbai,2.21
2026-11-15,Bengaluru,2.48
2026-11-15,Chennai,2.76
2026-11-15,Delhi,2.54
2026-11-15,Mumbai,2.21
2026-11-16,Bengaluru,2.48
2026-11-16,Chennai,2.76
2026-11-16,Delhi,2.54
2026-11-16,Mumbai,2.21
2026-11-17,Bengaluru,2.48
2026-11-17,Chennai,2.76
2026-11-17,Delhi,2.54
2026-11-17,Mumbai,2.21
2026-11-18,Bengaluru,2.48
2026-11-18,Chennai,2.76
2026-11-18,Delhi,2.54
2026-11-18,Mumbai,2.21
2026-11-19,Bengaluru,2.48
2026-11-19,Chennai,2.76
2026-11-19,Delhi,2.54
2026-11-19,Mumbai,2.21
2026-11-20,Bengaluru,2.48
2026-11-20,Chennai,2.76
2026-11-20,Delhi,2.54
2026-11-20,Mumbai,2.21
2026-11-21,Bengaluru,2.48
2026-11-21,Chennai,2.76
2026-11-21,Delhi,2.54
2026-11-21,Mumbai,2.21
2026-11-22,Bengaluru,2.48
2026-11-22,Chennai,2.76
2026-11-22,Delhi,2.54
2026-11-22,Mumbai,2.21
2026-11-23,Bengaluru,2.48
2026-11-23,Chennai,2.76
2026-11-23,Delhi,2.54
2026-11-23,Mumbai,2.21
2026-11-24,Bengaluru,2.48
2026-11-24,Chennai,2.76
2026-11-24,Delhi,2.54
2026-11-24,Mumbai,2.21
2026-11-25,Bengaluru,2.48
2026-11-25,Chennai,2.76
2026-11-25,Delhi,2.54
2026-11-25,Mumbai,2.21
2026-11-26,Bengaluru,2.48
2026-11-26,Chennai,2.76
2026-11-26,Delhi,2.54
2026-11-26,Mumbai,2.21
2026-11-27,Bengaluru,2.48
2026-11-27,Chennai,2.76
2026-11-27,Delhi,2.54
2026-11-27,Mumbai,2.21
2026-11-28,Bengaluru,2.48
2026-11-28,Chennai,2.76
2026-11-28,Delhi,2.54
2026-11-28,Mumbai,2.21
2026-11-29,Bengaluru,2.48
2026-11-29,Chennai,2.76
2026-11-29,Delhi,2.54
2026-11-29,Mumbai,2.21
2026-11-30,Bengaluru,2.48
2026-11-30,Chennai,2.76
2026-11-30,Delhi,2.54
2026-11-30,Mumbai,2.21
2026-12-01,Bengaluru,2.48
2026-12-01,Chennai,2.76
2026-12-01,Delhi,2.54
2026-12-01,Mumbai,2.21
2026-12-02,Bengaluru,2.48
2026-12-02,Chennai,2.76
2026-12-02,Delhi,2.54
2026-12-02,Mumbai,2.21
2026-12-03,Bengaluru,2.48
2026-12-03,Chennai,2.76
2026-12-03,Delhi,2.54
2026-12-03,Mumbai,2.21
2026-12-04,Bengaluru,2.48
2026-12-04,Chennai,2.76
2026-12-04,Delhi,2.54
2026-12-04,Mumbai,2.21
2026-12-05,Bengaluru,2.48
2026-12-05,Chennai,2.76
2026-12-05,Delhi,2.54
2026-12-05,Mumbai,2.21
2026-12-06,Bengaluru,2.48
2026-12-06,Chennai,2.76
2026-12-06,Delhi,2.54
2026-12-06,Mumbai,2.21
2026-12-07,Bengaluru,2.48
2026-12-07,Chennai,2.76
2026-12-07,Delhi,2.54
2026-12-07,Mumbai,2.21
2026-12-08,Bengaluru,2.48
2026-12-08,Chennai,2.76
2026-12-08,Delhi,2.54
2026-12-08,Mumbai,2.21
2026-12-09,Bengaluru,2.48
2026-12-09,Chennai,2.76
2026-12-09,Delhi,2.54
2026-12-09,Mumbai,2.21
2026-12-10,Bengaluru,2.48
2026-12-10,Chennai,2.76
2026-12-10,Delhi,2.54
2026-12-10,Mumbai,2.21
2026-12-11,Bengaluru,2.48
2026-12-11,Chennai,2.76
2026-12-11,Delhi,2.54
2026-12-11,Mumbai,2.21
2026-12-12,Bengaluru,2.48
2026-12-12,Chennai,2.76
2026-12-12,Delhi,2.54
2026-12-12,Mumbai,2.21
2026-12-13,Bengaluru,2.48
2026-12-13,Chennai,2.76
2026-12-13,Delhi,2.54
2026-12-13,Mumbai,2.21
2026-12-14,Bengaluru,2.48
2026-12-14,Chennai,2.76
2026-12-14,Delhi,2.54
2026-12-14,Mumbai,2.21
2026-12-15,Bengaluru,2.48
2026-12-15,Chennai,2.76
2026-12-15,Delhi,2.54
2026-12-15,Mumbai,2.21
2026-12-16,Bengaluru,2.48
2026-12-16,Chennai,2.76
2026-12-16,Delhi,2.54
2026-12-16,Mumbai,2.21
2026-12-17,Bengaluru,2.48
2026-12-17,Chennai,2.76
2026-12-17,Delhi,2.54
2026-12-17,Mumbai,2.21
2026-12-18,Bengaluru,2.48
2026-12-18,Chennai,2.76
2026-12-18,Delhi,2.54
2026-12-18,Mumbai,2.21
2026-12-19,Bengaluru,2.48
2026-12-19,Chennai,2.76
2026-12-19,Delhi,2.54
2026-12-19,Mumbai,2.21
2026-12-20,Bengaluru,2.48
2026-12-20,Chennai,2.76
2026-12-20,Delhi,2.54
2026-12-20,Mumbai,2.21
2026-12-21,Bengaluru,2.48
2026-12-21,Chennai,2.76
2026-12-21,Delhi,2.54
2026-12-21,Mumbai,2.21
2026-12-22,Bengaluru,2.48
2026-12-22,Chennai,2.76
2026-12-22,Delhi,2.54
2026-12-22,Mumbai,2.21
2026-12-23,Bengaluru,2.48
2026-12-23,Chennai,2.76
2026-12-23,Delhi,2.54
2026-12-23,Mumbai,2.21
2026-12-24,Bengaluru,2.48
2026-12-24,Chennai,2.76
2026-12-24,Delhi,2.54
2026-12-24,Mumbai,2.21
2026-12-25,Bengaluru,2.48
2026-12-25,Chennai,2.76
2026-12-25,Delhi,2.54
2026-12-25,Mumbai,2.21
2026-12-26,Bengaluru,2.48
2026-12-26,Chennai,2.76
2026-12-26,Delhi,2.54
2026-12-26,Mumbai,2.21
2026-12-27,Bengaluru,2.48
2026-12-27,Chennai,2.76
2026-12-27,Delhi,2.54
2026-12-27,Mumbai,2.21
2026-12-28,Bengaluru,2.48
2026-12-28,Chennai,2.76
2026-12-28,Delhi,2.54
2026-12-28,Mumbai,2.21
2026-12-29,Bengaluru,2.48
2026-12-29,Chennai,2.76
2026-12-29,Delhi,2.54
2026-12-29,Mumbai,2.21
2026-12-30,Bengaluru,2.48
2026-12-30,Chennai,2.76
2026-12-30,Delhi,2.54
2026-12-30,Mumbai,2.21
2026-12-31,Bengaluru,2.48
2026-12-31,Chennai,2.76
2026-12-31,Delhi,2.54
2026-12-31,Mumbai,2.21
2027-01-01,Bengaluru,2.48
2027-01-01,Chennai,2.76
2027-01-01,Delhi,2.54
2027-01-01,Mumbai,2.21
2027-01-02,Bengaluru,2.48
2027-01-02,Chennai,2.76
2027-01-02,Delhi,2.54
2027-01-02,Mumbai,2.21
2027-01-03,Bengaluru,2.48
2027-01-03,Chennai,2.76
2027-01-03,Delhi,2.54
2027-01-03,Mumbai,2.21
2027-01-04,Bengaluru,2.48
2027-01-04,Chennai,2.76
2027-01-04,Delhi,2.54
2027-01-04,Mumbai,2.21
2027-01-05,Bengaluru,2.48
2027-01-05,Chennai,2.76
2027-01-05,Delhi,2.54
2027-01-05,Mumbai,2.21
2027-01-06,Bengaluru,2.48
2027-01-06,Chennai,2.76
2027-01-06,Delhi,2.54
2027-01-06,Mumbai,2.21
2027-01-07,Bengaluru,2.48
2027-01-07,Chennai,2.76
2027-01-07,Delhi,2.54
2027-01-07,Mumbai,2.21
2027-01-08,Bengaluru,2.48
2027-01-08,Chennai,2.76
2027-01-08,Delhi,2.54
2027-01-08,Mumbai,2.21
2027-01-09,Bengaluru,2.48
2027-01-09,Chennai,2.76
2027-01-09,Delhi,2.54
2027-01-09,Mumbai,2.21
2027-01-10,Bengaluru,2.48
2027-01-10,Chennai,2.76
2027-01-10,Delhi,2.54
2027-01-10,Mumbai,2.21
2027-01-11,Bengaluru,2.48
2027-01-11,Chennai,2.76
2027-01-11,Delhi,2.54
2027-01-11,Mumbai,2.21
2027-01-12,Bengaluru,2.48
2027-01-12,Chennai,2.76
2027-01-12,Delhi,2.54
2027-01-12,Mumbai,2.21
2027-01-13,Bengaluru,2.48
2027-01-13,Chennai,2.76
2027-01-13,Delhi,2.54
2027-01-13,Mumbai,2.21
2027-01-14,Bengaluru,2.48
2027-01-14,Chennai,2.76
2027-01-14,Delhi,2.54
2027-01-14,Mumbai,2.21
2027-01-15,Bengaluru,2.48
2027-01-15,Chennai,2.76
2027-01-15,Delhi,2.54
2027-01-15,Mumbai,2.21
2027-01-16,Bengaluru,2.48
2027-01-16,Chennai,2.76
2027-01-16,Delhi,2.54
2027-01-16,Mumbai,2.21
2027-01-17,Bengaluru,2.48
2027-01-17,Chennai,2.76
2027-01-17,Delhi,2.54
2027-01-17,Mumbai,2.21
2027-01-18,Bengaluru,2.48
2027-01-18,Chennai,2.76
2027-01-18,Delhi,2.54
2027-01-18,Mumbai,2.21
2027-01-19,Bengaluru,2.48
2027-01-19,Chennai,2.76
2027-01-19,Delhi,2.54
2027-01-19,Mumbai,2.21
2027-01-20,Bengaluru,2.48
2027-01-20,Chennai,2.76
2027-01-20,Delhi,2.54
2027-01-20,Mumbai,2.21
2027-01-21,Bengaluru,2.48
2027-01-21,Chennai,2.76
2027-01-21,Delhi,2.54
2027-01-21,Mumbai,2.21
2027-01-22,Bengaluru,2.48
2027-01-22,Chennai,2.76
2027-01-22,Delhi,2.54
2027-01-22,Mumbai,2.21
2027-01-23,Bengaluru,2.48
2027-01-23,Chennai,2.76
2027-01-23,Delhi,2.54
2027-01-23,Mumbai,2.21
2027-01-24,Bengaluru,2.48
2027-01-24,Chennai,2.76
2027-01-24,Delhi,2.54
2027-01-24,Mumbai,2.21
2027-01-25,Bengaluru,2.48
2027-01-25,Chennai,2.76
2027-01-25,Delhi,2.54
2027-01-25,Mumbai,2.21
2027-01-26,Bengaluru,2.48
2027-01-26,Chennai,2.76
2027-01-26,Delhi,2.54
2027-01-26,Mumbai,2.21
2027-01-27,Bengaluru,2.48
2027-01-27,Chennai,2.76
2027-01-27,Delhi,2.54
2027-01-27,Mumbai,2.21
2027-01-28,Bengaluru,2.48
2027-01-28,Chennai,2.76
2027-01-28,Delhi,2.54
2027-01-28,Mumbai,2.21
2027-01-29,Bengaluru,2.48
2027-01-29,Chennai,2.76
2027-01-29,Delhi,2.54
2027-01-29,Mumbai,2.21
2027-01-30,Bengaluru,2.48
2027-01-30,Chennai,2.76
2027-01-30,Delhi,2.54
2027-01-30,Mumbai,2.21
2027-01-31,Bengaluru,2.48
2027-01-31,Chennai,2.76
2027-01-31,Delhi,2.54
2027-01-31,Mumbai,2.21
2027-02-01,Bengaluru,2.48
2027-02-01,Chennai,2.76
2027-02-01,Delhi,2.54
2027-02-01,Mumbai,2.21
2027-02-02,Bengaluru,2.48
2027-02-02,Chennai,2.76
2027-02-02,Delhi,2.54
2027-02-02,Mumbai,2.21
2027-02-03,Bengaluru,2.48
2027-02-03,Chennai,2.76
2027-02-03,Delhi,2.54
2027-02-03,Mumbai,2.21
2027-02-04,Bengaluru,2.48
2027-02-04,Chennai,2.76
2027-02-04,Delhi,2.54
2027-02-04,Mumbai,2.21
2027-02-05,Bengaluru,2.48
2027-02-05,Chennai,2.76
2027-02-05,Delhi,2.54
2027-02-05,Mumbai,2.21
2027-02-06,Bengaluru,2.48
2027-02-06,Chennai,2.76
2027-02-06,Delhi,2.54
2027-02-06,Mumbai,2.21
2027-02-07,Bengaluru,2.48
2027-02-07,Chennai,2.76
2027-02-07,Delhi,2.54
2027-02-07,Mumbai,2.21
2027-02-08,Bengaluru,2.48
2027-02-08,Chennai,2.76
2027-02-08,Delhi,2.54
2027-02-08,Mumbai,2.21
2027-02-09,Bengaluru,2.48
2027-02-09,Chennai,2.76
2027-02-09,Delhi,2.54
2027-02-09,Mumbai,2.21
2027-02-10,Bengaluru,2.48
2027-02-10,Chennai,2.76
2027-02-10,Delhi,2.54
2027-02-10,Mumbai,2.21
2027-02-11,Bengaluru,2.48
2027-02-11,Chennai,2.76
2027-02-11,Delhi,2.54
2027-02-11,Mumbai,2.21
2027-02-12,Bengaluru,2.48
2027-02-12,Chennai,2.76
2027-02-12,Delhi,2.54
2027-02-12,Mumbai,2.21
2027-02-13,Bengaluru,2.48
2027-02-13,Chennai,2.76
2027-02-13,Delhi,2.54
2027-02-13,Mumbai,2.21
2027-02-14,Bengaluru,2.48
2027-02-14,Chennai,2.76
2027-02-14,Delhi,2.54
2027-02-14,Mumbai,2.21
2027-02-15,Bengaluru,2.48
2027-02-15,Chennai,2.76
2027-02-15,Delhi,2.54
2027-02-15,Mumbai,2.21
2027-02-16,Bengaluru,2.48
2027-02-16,Chennai,2.76
2027-02-16,Delhi,2.54
2027-02-16,Mumbai,2.21
2027-02-17,Bengaluru,2.48
2027-02-17,Chennai,2.76
2027-02-17,Delhi,2.54
2027-02-17,Mumbai,2.21
2027-02-18,Bengaluru,2.48
2027-02-18,Chennai,2.76
2027-02-18,Delhi,2.54
2027-02-18,Mumbai,2.21
2027-02-19,Bengaluru,2.48
2027-02-19,Chennai,2.76
2027-02-19,Delhi,2.54
2027-02-19,Mumbai,2.21
2027-02-20,Bengaluru,2.48
2027-02-20,Chennai,2.76
2027-02-20,Delhi,2.54
2027-02-20,Mumbai,2.21
2027-02-21,Bengaluru,2.48
2027-02-21,Chennai,2.76
2027-02-21,Delhi,2.54
2027-02-21,Mumbai,2.21
2027-02-22,Bengaluru,2.48
2027-02-22,Chennai,2.76
2027-02-22,Delhi,2.54
2027-02-22,Mumbai,2.21
2027-02-23,Bengaluru,2.48
2027-02-23,Chennai,2.76
2027-02-23,Delhi,2.54
2027-02-23,Mumbai,2.21
2027-02-24,Bengaluru,2.48
2027-02-24,Chennai,2.76
2027-02-24,Delhi,2.54
2027-02-24,Mumbai,2.21
2027-02-25,Bengaluru,2.48
2027-02-25,Chennai,2.76
2027-02-25,Delhi,2.54
2027-02-25,Mumbai,2.21
2027-02-26,Bengaluru,2.48
2027-02-26,Chennai,2.76
2027-02-26,Delhi,2.54
2027-02-26,Mumbai,2.21
2027-02-27,Bengaluru,2.48
2027-02-27,Chennai,2.76
2027-02-27,Delhi,2.54
2027-02-27,Mumbai,2.21
2027-02-28,Bengaluru,2.48
2027-02-28,Chennai,2.76
2027-02-28,Delhi,2.54
2027-02-28,Mumbai,2.21
2027-03-01,Bengaluru,2.48
2027-03-01,Chennai,2.76
2027-03-01,Delhi,2.54
2027-03-01,Mumbai,2.21
2027-03-02,Bengaluru,2.48
2027-03-02,Chennai,2.76
2027-03-02,Delhi,2.54
2027-03-02,Mumbai,2.21
2027-03-03,Bengaluru,2.48
2027-03-03,Chennai,2.76
2027-03-03,Delhi,2.54
2027-03-03,Mumbai,2.21
2027-03-04,Bengaluru,2.48
2027-03-04,Chennai,2.76
2027-03-04,Delhi,2.54
2027-03-04,Mumbai,2.21
2027-03-05,Bengaluru,2.48
2027-03-05,Chennai,2.76
2027-03-05,Delhi,2.54
2027-03-05,Mumbai,2.21
2027-03-06,Bengaluru,2.48
2027-03-06,Chennai,2.76
2027-03-06,Delhi,2.54
2027-03-06,Mumbai,2.21
2027-03-07,Bengaluru,2.48
2027-03-07,Chennai,2.76
2027-03-07,Delhi,2.54
2027-03-07,Mumbai,2.21
2027-03-08,Bengaluru,2.48
2027-03-08,Chennai,2.76
2027-03-08,Delhi,2.54
2027-03-08,Mumbai,2.21
2027-03-09,Bengaluru,2.48
2027-03-09,Chennai,2.76
2027-03-09,Delhi,2.54
2027-03-09,Mumbai,2.21
2027-03-10,Bengaluru,2.48
2027-03-10,Chennai,2.76
2027-03-10,Delhi,2.54
2027-03-10,Mumbai,2.21
2027-03-11,Bengaluru,2.48
2027-03-11,Chennai,2.76
2027-03-11,Delhi,2.54
2027-03-11,Mumbai,2.21
2027-03-12,Bengaluru,2.48
2027-03-12,Chennai,2.76
2027-03-12,Delhi,2.54
2027-03-12,Mumbai,2.21
2027-03-13,Bengaluru,2.48
2027-03-13,Chennai,2.76
2027-03-13,Delhi,2.54
2027-03-13,Mumbai,2.21
2027-03-14,Bengaluru,2.48
2027-03-14,Chennai,2.76
2027-03-14,Delhi,2.54
2027-03-14,Mumbai,2.21
2027-03-15,Bengaluru,2.48
2027-03-15,Chennai,2.76
2027-03-15,Delhi,2.54
2027-03-15,Mumbai,2.21
2027-03-16,Bengaluru,2.48
2027-03-16,Chennai,2.76
2027-03-16,Delhi,2.54
2027-03-16,Mumbai,2.21
2027-03-17,Bengaluru,2.48
2027-03-17,Chennai,2.76
2027-03-17,Delhi,2.54
2027-03-17,Mumbai,2.21
2027-03-18,Bengaluru,2.48
2027-03-18,Chennai,2.76
2027-03-18,Delhi,2.54
2027-03-18,Mumbai,2.21
2027-03-19,Bengaluru,2.48
2027-03-19,Chennai,2.76
2027-03-19,Delhi,2.54
2027-03-19,Mumbai,2.21
2027-03-20,Bengaluru,2.48
2027-03-20,Chennai,2.76
2027-03-20,Delhi,2.54
2027-03-20,Mumbai,2.21
2027-03-21,Bengaluru,2.48
2027-03-21,Chennai,2.76
2027-03-21,Delhi,2.54
2027-03-21,Mumbai,2.21
2027-03-22,Bengaluru,2.48
2027-03-22,Chennai,2.76
2027-03-22,Delhi,2.54
2027-03-22,Mumbai,2.21
2027-03-23,Bengaluru,2.48
2027-03-23,Chennai,2.76
2027-03-23,Delhi,2.54
2027-03-23,Mumbai,2.21
2027-03-24,Bengaluru,2.48
2027-03-24,Chennai,2.76
2027-03-24,Delhi,2.54
2027-03-24,Mumbai,2.21
2027-03-25,Bengaluru,2.48
2027-03-25,Chennai,2.76
2027-03-25,Delhi,2.54
2027-03-25,Mumbai,2.21
2027-03-26,Bengaluru,2.48
2027-03-26,Chennai,2.76
2027-03-26,Delhi,2.54
2027-03-26,Mumbai,2.21
2027-03-27,Bengaluru,2.48
2027-03-27,Chennai,2.76
2027-03-27,Delhi,2.54
2027-03-27,Mumbai,2.21
2027-03-28,Bengaluru,2.48
2027-03-28,Chennai,2.76
2027-03-28,Delhi,2.54
2027-03-28,Mumbai,2.21
2027-03-29,Bengaluru,2.48
2027-03-29,Chennai,2.76
2027-03-29,Delhi,2.54
2027-03-29,Mumbai,2.21
2027-03-30,Bengaluru,2.48
2027-03-30,Chennai,2.76
2027-03-30,Delhi,2.54
2027-03-30,Mumbai,2.21
2027-03-31,Bengaluru,2.48
2027-03-31,Chennai,2.76
2027-03-31,Delhi,2.54
2027-03-31,Mumbai,2.21
2027-04-01,Bengaluru,2.48
2027-04-01,Chennai,2.76
2027-04-01,Delhi,2.54
2027-04-01,Mumbai,2.21
2027-04-02,Bengaluru,2.48
2027-04-02,Chennai,2.76
2027-04-02,Delhi,2.54
2027-04-02,Mumbai,2.21
2027-04-03,Bengaluru,2.48
2027-04-03,Chennai,2.76
2027-04-03,Delhi,2.54
2027-04-03,Mumbai,2.21
2027-04-04,Bengaluru,2.48
2027-04-04,Chennai,2.76
2027-04-04,Delhi,2.54
2027-04-04,Mumbai,2.21
2027-04-05,Bengaluru,2.48
2027-04-05,Chennai,2.76
2027-04-05,Delhi,2.54
2027-04-05,Mumbai,2.21
2027-04-06,Bengaluru,2.48
2027-04-06,Chennai,2.76
2027-04-06,Delhi,2.54
2027-04-06,Mumbai,2.21
2027-04-07,Bengaluru,2.48
2027-04-07,Chennai,2.76
2027-04-07,Delhi,2.54
2027-04-07,Mumbai,2.21
2027-04-08,Bengaluru,2.48
2027-04-08,Chennai,2.76
2027-04-08,Delhi,2.54
2027-04-08,Mumbai,2.21
2027-04-09,Bengaluru,2.48
2027-04-09,Chennai,2.76
2027-04-09,Delhi,2.54
2027-04-09,Mumbai,2.21
2027-04-10,Bengaluru,2.48
2027-04-10,Chennai,2.76
2027-04-10,Delhi,2.54
2027-04-10,Mumbai,2.21
2027-04-11,Bengaluru,2.48
2027-04-11,Chennai,2.76
2027-04-11,Delhi,2.54
2027-04-11,Mumbai,2.21
2027-04-12,Bengaluru,2.48
2027-04-12,Chennai,2.76
2027-04-12,Delhi,2.54
2027-04-12,Mumbai,2.21
2027-04-13,Bengaluru,2.48
2027-04-13,Chennai,2.76
2027-04-13,Delhi,2.54
2027-04-13,Mumbai,2.21
2027-04-14,Bengaluru,2.48
2027-04-14,Chennai,2.76
2027-04-14,Delhi,2.54
2027-04-14,Mumbai,2.21
2027-04-15,Bengaluru,2.48
2027-04-15,Chennai,2.76
2027-04-15,Delhi,2.54
2027-04-15,Mumbai,2.21
2027-04-16,Bengaluru,2.48
2027-04-16,Chennai,2.76
2027-04-16,Delhi,2.54
2027-04-16,Mumbai,2.21
2027-04-17,Bengaluru,2.48
2027-04-17,Chennai,2.76
2027-04-17,Delhi,2.54
2027-04-17,Mumbai,2.21
2027-04-18,Bengaluru,2.48
2027-04-18,Chennai,2.76
2027-04-18,Delhi,2.54
2027-04-18,Mumbai,2.21
2027-04-19,Bengaluru,2.48
2027-04-19,Chennai,2.76
2027-04-19,Delhi,2.54
2027-04-19,Mumbai,2.21
2027-04-20,Bengaluru,2.48
2027-04-20,Chennai,2.76
2027-04-20,Delhi,2.54
2027-04-20,Mumbai,2.21
2027-04-21,Bengaluru,2.48
2027-04-21,Chennai,2.76
2027-04-21,Delhi,2.54
2027-04-21,Mumbai,2.21
2027-04-22,Bengaluru,2.48
2027-04-22,Chennai,2.76
2027-04-22,Delhi,2.54
2027-04-22,Mumbai,2.21
2027-04-23,Bengaluru,2.48
2027-04-23,Chennai,2.76
2027-04-23,Delhi,2.54
2027-04-23,Mumbai,2.21
2027-04-24,Bengaluru,2.48
2027-04-24,Chennai,2.76
2027-04-24,Delhi,2.54
2027-04-24,Mumbai,2.21
2027-04-25,Bengaluru,2.48
2027-04-25,Chennai,2.76
2027-04-25,Delhi,2.54
2027-04-25,Mumbai,2.21
2027-04-26,Bengaluru,2.48
2027-04-26,Chennai,2.76
2027-04-26,Delhi,2.54
2027-04-26,Mumbai,2.21
2027-04-27,Bengaluru,2.48
2027-04-27,Chennai,2.76
2027-04-27,Delhi,2.54
2027-04-27,Mumbai,2.21
2027-04-28,Bengaluru,2.48
2027-04-28,Chennai,2.76
2027-04-28,Delhi,2.54
2027-04-28,Mumbai,2.21
2027-04-29,Bengaluru,2.48
2027-04-29,Chennai,2.76
2027-04-29,Delhi,2.54
2027-04-29,Mumbai,2.21
2027-04-30,Bengaluru,2.48
2027-04-30,Chennai,2.76
2027-04-30,Delhi,2.54
2027-04-30,Mumbai,2.21
2027-05-01,Bengaluru,2.48
2027-05-01,Chennai,2.76
2027-05-01,Delhi,2.54
2027-05-01,Mumbai,2.21
2027-05-02,Bengaluru,2.48
2027-05-02,Chennai,2.76
2027-05-02,Delhi,2.54
2027-05-02,Mumbai,2.21
2027-05-03,Bengaluru,2.48
2027-05-03,Chennai,2.76
2027-05-03,Delhi,2.54
2027-05-03,Mumbai,2.21
2027-05-04,Bengaluru,2.48
2027-05-04,Chennai,2.76
2027-05-04,Delhi,2.54
2027-05-04,Mumbai,2.21
2027-05-05,Bengaluru,2.48
2027-05-05,Chennai,2.76
2027-05-05,Delhi,2.54
2027-05-05,Mumbai,2.21
2027-05-06,Bengaluru,2.48
2027-05-06,Chennai,2.76
2027-05-06,Delhi,2.54
2027-05-06,Mumbai,2.21
2027-05-07,Bengaluru,2.48
2027-05-07,Chennai,2.76
2027-05-07,Delhi,2.54
2027-05-07,Mumbai,2.21
2027-05-08,Bengaluru,2.48
2027-05-08,Chennai,2.76
2027-05-08,Delhi,2.54
2027-05-08,Mumbai,2.21
2027-05-09,Bengaluru,2.48
2027-05-09,Chennai,2.76
2027-05-09,Delhi,2.54
2027-05-09,Mumbai,2.21
2027-05-10,Bengaluru,2.48
2027-05-10,Chennai,2.76
2027-05-10,Delhi,2.54
2027-05-10,Mumbai,2.21
2027-05-11,Bengaluru,2.48
2027-05-11,Chennai,2.76
2027-05-11,Delhi,2.54
2027-05-11,Mumbai,2.21
2027-05-12,Bengaluru,2.48
2027-05-12,Chennai,2.76
2027-05-12,Delhi,2.54
2027-05-12,Mumbai,2.21
2027-05-13,Bengaluru,2.48
2027-05-13,Chennai,2.76
2027-05-13,Delhi,2.54
2027-05-13,Mumbai,2.21
2027-05-14,Bengaluru,2.48
2027-05-14,Chennai,2.76
2027-05-14,Delhi,2.54
2027-05-14,Mumbai,2.21
2027-05-15,Bengaluru,2.48
2027-05-15,Chennai,2.76
2027-05-15,Delhi,2.54
2027-05-15,Mumbai,2.21
2027-05-16,Bengaluru,2.48
2027-05-16,Chennai,2.76
2027-05-16,Delhi,2.54
2027-05-16,Mumbai,2.21
2027-05-17,Bengaluru,2.48
2027-05-17,Chennai,2.76
2027-05-17,Delhi,2.54
2027-05-17,Mumbai,2.21
2027-05-18,Bengaluru,2.48
2027-05-18,Chennai,2.76
2027-05-18,Delhi,2.54
2027-05-18,Mumbai,2.21
2027-05-19,Bengaluru,2.48
2027-05-19,Chennai,2.76
2027-05-19,Delhi,2.54
2027-05-19,Mumbai,2.21
2027-05-20,Bengaluru,2.48
2027-05-20,Chennai,2.76
2027-05-20,Delhi,2.54
2027-05-20,Mumbai,2.21
2027-05-21,Bengaluru,2.48
2027-05-21,Chennai,2.76
2027-05-21,Delhi,2.54
2027-05-21,Mumbai,2.21
2027-05-22,Bengaluru,2.48
2027-05-22,Chennai,2.76
2027-05-22,Delhi,2.54
2027-05-22,Mumbai,2.21
2027-05-23,Bengaluru,2.48
2027-05-23,Chennai,2.76
2027-05-23,Delhi,2.54
2027-05-23,Mumbai,2.21
2027-05-24,Bengaluru,2.48
2027-05-24,Chennai,2.76
2027-05-24,Delhi,2.54
2027-05-24,Mumbai,2.21
2027-05-25,Bengaluru,2.48
2027-05-25,Chennai,2.76
2027-05-25,Delhi,2.54
2027-05-25,Mumbai,2.21
2027-05-26,Bengaluru,2.48
2027-05-26,Chennai,2.76
2027-05-26,Delhi,2.54
2027-05-26,Mumbai,2.21
2027-05-27,Bengaluru,2.48
2027-05-27,Chennai,2.76
2027-05-27,Delhi,2.54
2027-05-27,Mumbai,2.21
2027-05-28,Bengaluru,2.48
2027-05-28,Chennai,2.76
2027-05-28,Delhi,2.54
2027-05-28,Mumbai,2.21
2027-05-29,Bengaluru,2.48
2027-05-29,Chennai,2.76
2027-05-29,Delhi,2.54
2027-05-29,Mumbai,2.21
2027-05-30,Bengaluru,2.48
2027-05-30,Chennai,2.76
2027-05-30,Delhi,2.54
2027-05-30,Mumbai,2.21
2027-05-31,Bengaluru,2.48
2027-05-31,Chennai,2.76
2027-05-31,Delhi,2.54
2027-05-31,Mumbai,2.21
2027-06-01,Bengaluru,2.48
2027-06-01,Chennai,2.76
2027-06-01,Delhi,2.54
2027-06-01,Mumbai,2.21
2027-06-02,Bengaluru,2.48
2027-06-02,Chennai,2.76
2027-06-02,Delhi,2.54
2027-06-02,Mumbai,2.21
2027-06-03,Bengaluru,2.48
2027-06-03,Chennai,2.76
2027-06-03,Delhi,2.54
2027-06-03,Mumbai,2.21
2027-06-04,Bengaluru,2.48
2027-06-04,Chennai,2.76
2027-06-04,Delhi,2.54
2027-06-04,Mumbai,2.21
2027-06-05,Bengaluru,2.48
2027-06-05,Chennai,2.76
2027-06-05,Delhi,2.54
2027-06-05,Mumbai,2.21
2027-06-06,Bengaluru,2.48
2027-06-06,Chennai,2.76
2027-06-06,Delhi,2.54
2027-06-06,Mumbai,2.21
2027-06-07,Bengaluru,2.48
2027-06-07,Chennai,2.76
2027-06-07,Delhi,2.54
2027-06-07,Mumbai,2.21
2027-06-08,Bengaluru,2.48
2027-06-08,Chennai,2.76
2027-06-08,Delhi,2.54
2027-06-08,Mumbai,2.21
2027-06-09,Bengaluru,2.48
2027-06-09,Chennai,2.76
2027-06-09,Delhi,2.54
2027-06-09,Mumbai,2.21
2027-06-10,Bengaluru,2.48
2027-06-10,Chennai,2.76
2027-06-10,Delhi,2.54
2027-06-10,Mumbai,2.21
2027-06-11,Bengaluru,2.48
2027-06-11,Chennai,2.76
2027-06-11,Delhi,2.54
2027-06-11,Mumbai,2.21
2027-06-12,Bengaluru,2.48
2027-06-12,Chennai,2.76
2027-06-12,Delhi,2.54
2027-06-12,Mumbai,2.21
2027-06-13,Bengaluru,2.48
2027-06-13,Chennai,2.76
2027-06-13,Delhi,2.54
2027-06-13,Mumbai,2.21
2027-06-14,Bengaluru,2.48
2027-06-14,Chennai,2.76
2027-06-14,Delhi,2.54
2027-06-14,Mumbai,2.21
2027-06-15,Bengaluru,2.48
2027-06-15,Chennai,2.76
2027-06-15,Delhi,2.54
2027-06-15,Mumbai,2.21
2027-06-16,Bengaluru,2.48
2027-06-16,Chennai,2.76
2027-06-16,Delhi,2.54
2027-06-16,Mumbai,2.21
2027-06-17,Bengaluru,2.48
2027-06-17,Chennai,2.76
2027-06-17,Delhi,2.54
2027-06-17,Mumbai,2.21
2027-06-18,Bengaluru,2.48
2027-06-18,Chennai,2.76
2027-06-18,Delhi,2.54
2027-06-18,Mumbai,2.21
2027-06-19,Bengaluru,2.48
2027-06-19,Chennai,2.76
2027-06-19,Delhi,2.54
2027-06-19,Mumbai,2.21
2027-06-20,Bengaluru,2.48
2027-06-20,Chennai,2.76
2027-06-20,Delhi,2.54
2027-06-20,Mumbai,2.21
2027-06-21,Bengaluru,2.48
2027-06-21,Chennai,2.76
2027-06-21,Delhi,2.54
2027-06-21,Mumbai,2.21
2027-06-22,Bengaluru,2.48
2027-06-22,Chennai,2.76
2027-06-22,Delhi,2.54
2027-06-22,Mumbai,2.21
2027-06-23,Bengaluru,2.48
2027-06-23,Chennai,2.76
2027-06-23,Delhi,2.54
2027-06-23,Mumbai,2.21
2027-06-24,Bengaluru,2.48
2027-06-24,Chennai,2.76
2027-06-24,Delhi,2.54
2027-06-24,Mumbai,2.21
2027-06-25,Bengaluru,2.48
2027-06-25,Chennai,2.76
2027-06-25,Delhi,2.54
2027-06-25,Mumbai,2.21
2027-06-26,Bengaluru,2.48
2027-06-26,Chennai,2.76
2027-06-26,Delhi,2.54
2027-06-26,Mumbai,2.21
2027-06-27,Bengaluru,2.48
2027-06-27,Chennai,2.76
2027-06-27,Delhi,2.54
2027-06-27,Mumbai,2.21
2027-06-28,Bengaluru,2.48
2027-06-28,Chennai,2.76
2027-06-28,Delhi,2.54
2027-06-28,Mumbai,2.21
2027-06-29,Bengaluru,2.48
2027-06-29,Chennai,2.76
2027-06-29,Delhi,2.54
2027-06-29,Mumbai,2.21
2027-06-30,Bengaluru,2.48
2027-06-30,Chennai,2.76
2027-06-30,Delhi,2.54
2027-06-30,Mumbai,2.21
2027-07-01,Bengaluru,2.48
2027-07-01,Chennai,2.76
2027-07-01,Delhi,2.54
2027-07-01,Mumbai,2.21
2027-07-02,Bengaluru,2.48
2027-07-02,Chennai,2.76
2027-07-02,Delhi,2.54
2027-07-02,Mumbai,2.21
2027-07-03,Bengaluru,2.48
2027-07-03,Chennai,2.76
2027-07-03,Delhi,2.54
2027-07-03,Mumbai,2.21
2027-07-04,Bengaluru,2.48
2027-07-04,Chennai,2.76
2027-07-04,Delhi,2.54
2027-07-04,Mumbai,2.21
2027-07-05,Bengaluru,2.48
2027-07-05,Chennai,2.76
2027-07-05,Delhi,2.54
2027-07-05,Mumbai,2.21
2027-07-06,Bengaluru,2.48
2027-07-06,Chennai,2.76
2027-07-06,Delhi,2.54
2027-07-06,Mumbai,2.21
2027-07-07,Bengaluru,2.48
2027-07-07,Chennai,2.76
2027-07-07,Delhi,2.54
2027-07-07,Mumbai,2.21
2027-07-08,Bengaluru,2.48
2027-07-08,Chennai,2.76
2027-07-08,Delhi,2.54
2027-07-08,Mumbai,2.21
2027-07-09,Bengaluru,2.48
2027-07-09,Chennai,2.76
2027-07-09,Delhi,2.54
2027-07-09,Mumbai,2.21
2027-07-10,Bengaluru,2.48
2027-07-10,Chennai,2.76
2027-07-10,Delhi,2.54
2027-07-10,Mumbai,2.21
2027-07-11,Bengaluru,2.48
2027-07-11,Chennai,2.76
2027-07-11,Delhi,2.54
2027-07-11,Mumbai,2.21
2027-07-12,Bengaluru,2.48
2027-07-12,Chennai,2.76
2027-07-12,Delhi,2.54
2027-07-12,Mumbai,2.21
2027-07-13,Bengaluru,2.48
2027-07-13,Chennai,2.76
2027-07-13,Delhi,2.54
2027-07-13,Mumbai,2.21
2027-07-14,Bengaluru,2.48
2027-07-14,Chennai,2.76
2027-07-14,Delhi,2.54
2027-07-14,Mumbai,2.21
2027-07-15,Bengaluru,2.48
2027-07-15,Chennai,2.76
2027-07-15,Delhi,2.54
2027-07-15,Mumbai,2.21
2027-07-16,Bengaluru,2.48
2027-07-16,Chennai,2.76
2027-07-16,Delhi,2.54
2027-07-16,Mumbai,2.21
2027-07-17,Bengaluru,2.48
2027-07-17,Chennai,2.76
2027-07-17,Delhi,2.54
2027-07-17,Mumbai,2.21
2027-07-18,Bengaluru,2.48
2027-07-18,Chennai,2.76
2027-07-18,Delhi,2.54
2027-07-18,Mumbai,2.21
2027-07-19,Bengaluru,2.48
2027-07-19,Chennai,2.76
2027-07-19,Delhi,2.54
2027-07-19,Mumbai,2.21
2027-07-20,Bengaluru,2.48
2027-07-20,Chennai,2.76
2027-07-20,Delhi,2.54
2027-07-20,Mumbai,2.21
2027-07-21,Bengaluru,2.48
2027-07-21,Chennai,2.76
2027-07-21,Delhi,2.54
2027-07-21,Mumbai,2.21
2027-07-22,Bengaluru,2.48
2027-07-22,Chennai,2.76
2027-07-22,Delhi,2.54
2027-07-22,Mumbai,2.21
2027-07-23,Bengaluru,2.48
2027-07-23,Chennai,2.76
2027-07-23,Delhi,2.54
2027-07-23,Mumbai,2.21
2027-07-24,Bengaluru,2.48
2027-07-24,Chennai,2.76
2027-07-24,Delhi,2.54
2027-07-24,Mumbai,2.21
2027-07-25,Bengaluru,2.48
2027-07-25,Chennai,2.76
2027-07-25,Delhi,2.54
2027-07-25,Mumbai,2.21
2027-07-26,Bengaluru,2.48
2027-07-26,Chennai,2.76
2027-07-26,Delhi,2.54
2027-07-26,Mumbai,2.21
2027-07-27,Bengaluru,2.48
2027-07-27,Chennai,2.76
2027-07-27,Delhi,2.54
2027-07-27,Mumbai,2.21
2027-07-28,Bengaluru,2.48
2027-07-28,Chennai,2.76
2027-07-28,Delhi,2.54
2027-07-28,Mumbai,2.21
2027-07-29,Bengaluru,2.48
2027-07-29,Chennai,2.76
2027-07-29,Delhi,2.54
2027-07-29,Mumbai,2.21
2027-07-30,Bengaluru,2.48
2027-07-30,Chennai,2.76
2027-07-30,Delhi,2.54
2027-07-30,Mumbai,2.21
2027-07-31,Bengaluru,2.48
2027-07-31,Chennai,2.76
2027-07-31,Delhi,2.54
2027-07-31,Mumbai,2.21
2027-08-01,Bengaluru,2.48
2027-08-01,Chennai,2.76
2027-08-01,Delhi,2.54
2027-08-01,Mumbai,2.21
2027-08-02,Bengaluru,2.48
2027-08-02,Chennai,2.76
2027-08-02,Delhi,2.54
2027-08-02,Mumbai,2.21
2027-08-03,Bengaluru,2.48
2027-08-03,Chennai,2.76
2027-08-03,Delhi,2.54
2027-08-03,Mumbai,2.21
2027-08-04,Bengaluru,2.48
2027-08-04,Chennai,2.76
2027-08-04,Delhi,2.54
2027-08-04,Mumbai,2.21
2027-08-05,Bengaluru,2.48
2027-08-05,Chennai,2.76
2027-08-05,Delhi,2.54
2027-08-05,Mumbai,2.21
2027-08-06,Bengaluru,2.48
2027-08-06,Chennai,2.76
2027-08-06,Delhi,2.54
2027-08-06,Mumbai,2.21
2027-08-07,Bengaluru,2.48
2027-08-07,Chennai,2.76
2027-08-07,Delhi,2.54
2027-08-07,Mumbai,2.21
2027-08-08,Bengaluru,2.48
2027-08-08,Chennai,2.76
2027-08-08,Delhi,2.54
2027-08-08,Mumbai,2.21
2027-08-09,Bengaluru,2.48
2027-08-09,Chennai,2.76
2027-08-09,Delhi,2.54
2027-08-09,Mumbai,2.21
2027-08-10,Bengaluru,2.48
2027-08-10,Chennai,2.76
2027-08-10,Delhi,2.54
2027-08-10,Mumbai,2.21
2027-08-11,Bengaluru,2.48
2027-08-11,Chennai,2.76
2027-08-11,Delhi,2.54
2027-08-11,Mumbai,2.21
2027-08-12,Bengaluru,2.48
2027-08-12,Chennai,2.76
2027-08-12,Delhi,2.54
2027-08-12,Mumbai,2.21
2027-08-13,Bengaluru,2.48
2027-08-13,Chennai,2.76
2027-08-13,Delhi,2.54
2027-08-13,Mumbai,2.21
2027-08-14,Bengaluru,2.48
2027-08-14,Chennai,2.76
2027-08-14,Delhi,2.54
2027-08-14,Mumbai,2.21
2027-08-15,Bengaluru,2.48
2027-08-15,Chennai,2.76
2027-08-15,Delhi,2.54
2027-08-15,Mumbai,2.21
2027-08-16,Bengaluru,2.48
2027-08-16,Chennai,2.76
2027-08-16,Delhi,2.54
2027-08-16,Mumbai,2.21
2027-08-17,Bengaluru,2.48
2027-08-17,Chennai,2.76
2027-08-17,Delhi,2.54
2027-08-17,Mumbai,2.21
2027-08-18,Bengaluru,2.48
2027-08-18,Chennai,2.76
2027-08-18,Delhi,2.54
2027-08-18,Mumbai,2.21
2027-08-19,Bengaluru,2.48
2027-08-19,Chennai,2.76
2027-08-19,Delhi,2.54
2027-08-19,Mumbai,2.21
2027-08-20,Bengaluru,2.48
2027-08-20,Chennai,2.76
2027-08-20,Delhi,2.54
2027-08-20,Mumbai,2.21
2027-08-21,Bengaluru,2.48
2027-08-21,Chennai,2.76
2027-08-21,Delhi,2.54
2027-08-21,Mumbai,2.21
2027-08-22,Bengaluru,2.48
2027-08-22,Chennai,2.76
2027-08-22,Delhi,2.54
2027-08-22,Mumbai,2.21
2027-08-23,Bengaluru,2.48
2027-08-23,Chennai,2.76
2027-08-23,Delhi,2.54
2027-08-23,Mumbai,2.21
2027-08-24,Bengaluru,2.48
2027-08-24,Chennai,2.76
2027-08-24,Delhi,2.54
2027-08-24,Mumbai,2.21
2027-08-25,Bengaluru,2.48
2027-08-25,Chennai,2.76
2027-08-25,Delhi,2.54
2027-08-25,Mumbai,2.21
2027-08-26,Bengaluru,2.48
2027-08-26,Chennai,2.76
2027-08-26,Delhi,2.54
2027-08-26,Mumbai,2.21
2027-08-27,Bengaluru,2.48
2027-08-27,Chennai,2.76
2027-08-27,Delhi,2.54
2027-08-27,Mumbai,2.21
2027-08-28,Bengaluru,2.48
2027-08-28,Chennai,2.76
2027-08-28,Delhi,2.54
2027-08-28,Mumbai,2.21
2027-08-29,Bengaluru,2.48
2027-08-29,Chennai,2.76
2027-08-29,Delhi,2.54
2027-08-29,Mumbai,2.21
2027-08-30,Bengaluru,2.48
2027-08-30,Chennai,2.76
2027-08-30,Delhi,2.54
2027-08-30,Mumbai,2.21
2027-08-31,Bengaluru,2.48
2027-08-31,Chennai,2.76
2027-08-31,Delhi,2.54
2027-08-31,Mumbai,2.21
2027-09-01,Bengaluru,2.48
2027-09-01,Chennai,2.76
2027-09-01,Delhi,2.54
2027-09-01,Mumbai,2.21
2027-09-02,Bengaluru,2.48
2027-09-02,Chennai,2.76
2027-09-02,Delhi,2.54
2027-09-02,Mumbai,2.21
2027-09-03,Bengaluru,2.48
2027-09-03,Chennai,2.76
2027-09-03,Delhi,2.54
2027-09-03,Mumbai,2.21
2027-09-04,Bengaluru,2.48
2027-09-04,Chennai,2.76
2027-09-04,Delhi,2.54
2027-09-04,Mumbai,2.21
2027-09-05,Bengaluru,2.48
2027-09-05,Chennai,2.76
2027-09-05,Delhi,2.54
2027-09-05,Mumbai,2.21
2027-09-06,Bengaluru,2.48
2027-09-06,Chennai,2.76
2027-09-06,Delhi,2.54
2027-09-06,Mumbai,2.21
2027-09-07,Bengaluru,2.48
2027-09-07,Chennai,2.76
2027-09-07,Delhi,2.54
2027-09-07,Mumbai,2.21
2027-09-08,Bengaluru,2.48
2027-09-08,Chennai,2.76
2027-09-08,Delhi,2.54
2027-09-08,Mumbai,2.21
2027-09-09,Bengaluru,2.48
2027-09-09,Chennai,2.76
2027-09-09,Delhi,2.54
2027-09-09,Mumbai,2.21
2027-09-10,Bengaluru,2.48
2027-09-10,Chennai,2.76
2027-09-10,Delhi,2.54
2027-09-10,Mumbai,2.21
2027-09-11,Bengaluru,2.48
2027-09-11,Chennai,2.76
2027-09-11,Delhi,2.54
2027-09-11,Mumbai,2.21
2027-09-12,Bengaluru,2.48
2027-09-12,Chennai,2.76
2027-09-12,Delhi,2.54
2027-09-12,Mumbai,2.21
2027-09-13,Bengaluru,2.48
2027-09-13,Chennai,2.76
2027-09-13,Delhi,2.54
2027-09-13,Mumbai,2.21
2027-09-14,Bengaluru,2.48
2027-09-14,Chennai,2.76
2027-09-14,Delhi,2.54
2027-09-14,Mumbai,2.21
2027-09-15,Bengaluru,2.48
2027-09-15,Chennai,2.76
2027-09-15,Delhi,2.54
2027-09-15,Mumbai,2.21
2027-09-16,Bengaluru,2.48
2027-09-16,Chennai,2.76
2027-09-16,Delhi,2.54
2027-09-16,Mumbai,2.21
2027-09-17,Bengaluru,2.48
2027-09-17,Chennai,2.76
2027-09-17,Delhi,2.54
2027-09-17,Mumbai,2.21
2027-09-18,Bengaluru,2.48
2027-09-18,Chennai,2.76
2027-09-18,Delhi,2.54
2027-09-18,Mumbai,2.21
2027-09-19,Bengaluru,2.48
2027-09-19,Chennai,2.76
2027-09-19,Delhi,2.54
2027-09-19,Mumbai,2.21
2027-09-20,Bengaluru,2.48
2027-09-20,Chennai,2.76
2027-09-20,Delhi,2.54
2027-09-20,Mumbai,2.21
2027-09-21,Bengaluru,2.48
2027-09-21,Chennai,2.76
2027-09-21,Delhi,2.54
2027-09-21,Mumbai,2.21
2027-09-22,Bengaluru,2.48
2027-09-22,Chennai,2.76
2027-09-22,Delhi,2.54
2027-09-22,Mumbai,2.21
2027-09-23,Bengaluru,2.48
2027-09-23,Chennai,2.76
2027-09-23,Delhi,2.54
2027-09-23,Mumbai,2.21
2027-09-24,Bengaluru,2.48
2027-09-24,Chennai,2.76
2027-09-24,Delhi,2.54
2027-09-24,Mumbai,2.21
2027-09-25,Bengaluru,2.48
2027-09-25,Chennai,2.76
2027-09-25,Delhi,2.54
2027-09-25,Mumbai,2.21
2027-09-26,Bengaluru,2.48
2027-09-26,Chennai,2.76
2027-09-26,Delhi,2.54
2027-09-26,Mumbai,2.21
2027-09-27,Bengaluru,2.48
2027-09-27,Chennai,2.76
2027-09-27,Delhi,2.54
2027-09-27,Mumbai,2.21
2027-09-28,Bengaluru,2.48
2027-09-28,Chennai,2.76
2027-09-28,Delhi,2.54
2027-09-28,Mumbai,2.21
2027-09-29,Bengaluru,2.48
2027-09-29,Chennai,2.76
2027-09-29,Delhi,2.54
2027-09-29,Mumbai,2.21
2027-09-30,Bengaluru,2.48
2027-09-30,Chennai,2.76
2027-09-30,Delhi,2.54
2027-09-30,Mumbai,2.21
2027-10-01,Bengaluru,2.48
2027-10-01,Chennai,2.76
2027-10-01,Delhi,2.54
2027-10-01,Mumbai,2.21
2027-10-02,Bengaluru,2.48
2027-10-02,Chennai,2.76
2027-10-02,Delhi,2.54
2027-10-02,Mumbai,2.21
2027-10-03,Bengaluru,2.48
2027-10-03,Chennai,2.76
2027-10-03,Delhi,2.54
2027-10-03,Mumbai,2.21
2027-10-04,Bengaluru,2.48
2027-10-04,Chennai,2.76
2027-10-04,Delhi,2.54
2027-10-04,Mumbai,2.21
2027-10-05,Bengaluru,2.48
2027-10-05,Chennai,2.76
2027-10-05,Delhi,2.54
2027-10-05,Mumbai,2.21
2027-10-06,Bengaluru,2.48
2027-10-06,Chennai,2.76
2027-10-06,Delhi,2.54
2027-10-06,Mumbai,2.21
2027-10-07,Bengaluru,2.48
2027-10-07,Chennai,2.76
2027-10-07,Delhi,2.54
2027-10-07,Mumbai,2.21
2027-10-08,Bengaluru,2.48
2027-10-08,Chennai,2.76
2027-10-08,Delhi,2.54
2027-10-08,Mumbai,2.21
2027-10-09,Bengaluru,2.48
2027-10-09,Chennai,2.76
2027-10-09,Delhi,2.54
2027-10-09,Mumbai,2.21
2027-10-10,Bengaluru,2.48
2027-10-10,Chennai,2.76
2027-10-10,Delhi,2.54
2027-10-10,Mumbai,2.21
2027-10-11,Bengaluru,2.48
2027-10-11,Chennai,2.76
2027-10-11,Delhi,2.54
2027-10-11,Mumbai,2.21
2027-10-12,Bengaluru,2.48
2027-10-12,Chennai,2.76
2027-10-12,Delhi,2.54
2027-10-12,Mumbai,2.21
2027-10-13,Bengaluru,2.48
2027-10-13,Chennai,2.76
2027-10-13,Delhi,2.54
2027-10-13,Mumbai,2.21
2027-10-14,Bengaluru,2.48
2027-10-14,Chennai,2.76
2027-10-14,Delhi,2.54
2027-10-14,Mumbai,2.21
2027-10-15,Bengaluru,2.48
2027-10-15,Chennai,2.76
2027-10-15,Delhi,2.54
2027-10-15,Mumbai,2.21
2027-10-16,Bengaluru,2.48
2027-10-16,Chennai,2.76
2027-10-16,Delhi,2.54
2027-10-16,Mumbai,2.21
2027-10-17,Bengaluru,2.48
2027-10-17,Chennai,2.76
2027-10-17,Delhi,2.54
2027-10-17,Mumbai,2.21
2027-10-18,Bengaluru,2.48
2027-10-18,Chennai,2.76
2027-10-18,Delhi,2.54
2027-10-18,Mumbai,2.21
2027-10-19,Bengaluru,2.48
2027-10-19,Chennai,2.76
2027-10-19,Delhi,2.54
2027-10-19,Mumbai,2.21
2027-10-20,Bengaluru,2.48
2027-10-20,Chennai,2.76
2027-10-20,Delhi,2.54
2027-10-20,Mumbai,2.21
2027-10-21,Bengaluru,2.48
2027-10-21,Chennai,2.76
2027-10-21,Delhi,2.54
2027-10-21,Mumbai,2.21
2027-10-22,Bengaluru,2.48
2027-10-22,Chennai,2.76
2027-10-22,Delhi,2.54
2027-10-22,Mumbai,2.21
2027-10-23,Bengaluru,2.48
2027-10-23,Chennai,2.76
2027-10-23,Delhi,2.54
2027-10-23,Mumbai,2.21
2027-10-24,Bengaluru,2.48
2027-10-24,Chennai,2.76
2027-10-24,Delhi,2.54
2027-10-24,Mumbai,2.21
2027-10-25,Bengaluru,2.48
2027-10-25,Chennai,2.76
2027-10-25,Delhi,2.54
2027-10-25,Mumbai,2.21
2027-10-26,Bengaluru,2.48
2027-10-26,Chennai,2.76
2027-10-26,Delhi,2.54
2027-10-26,Mumbai,2.21
2027-10-27,Bengaluru,2.48
2027-10-27,Chennai,2.76
2027-10-27,Delhi,2.54
2027-10-27,Mumbai,2.21
2027-10-28,Bengaluru,2.48
2027-10-28,Chennai,2.76
2027-10-28,Delhi,2.54
2027-10-28,Mumbai,2.21
2027-10-29,Bengaluru,2.48
2027-10-29,Chennai,2.76
2027-10-29,Delhi,2.54
2027-10-29,Mumbai,2.21
2027-10-30,Bengaluru,2.48
2027-10-30,Chennai,2.76
2027-10-30,Delhi,2.54
2027-10-30,Mumbai,2.21
2027-10-31,Bengaluru,2.48
2027-10-31,Chennai,2.76
2027-10-31,Delhi,2.54
2027-10-31,Mumbai,2.21
2027-11-01,Bengaluru,2.48
2027-11-01,Chennai,2.76
2027-11-01,Delhi,2.54
2027-11-01,Mumbai,2.21
2027-11-02,Bengaluru,2.48
2027-11-02,Chennai,2.76
2027-11-02,Delhi,2.54
2027-11-02,Mumbai,2.21
2027-11-03,Bengaluru,2.48
2027-11-03,Chennai,2.76
2027-11-03,Delhi,2.54
2027-11-03,Mumbai,2.21
2027-11-04,Bengaluru,2.48
2027-11-04,Chennai,2.76
2027-11-04,Delhi,2.54
2027-11-04,Mumbai,2.21
2027-11-05,Bengaluru,2.48
2027-11-05,Chennai,2.76
2027-11-05,Delhi,2.54
2027-11-05,Mumbai,2.21
2027-11-06,Bengaluru,2.48
2027-11-06,Chennai,2.76
2027-11-06,Delhi,2.54
2027-11-06,Mumbai,2.21
2027-11-07,Bengaluru,2.48
2027-11-07,Chennai,2.76
2027-11-07,Delhi,2.54
2027-11-07,Mumbai,2.21
2027-11-08,Bengaluru,2.48
2027-11-08,Chennai,2.76
2027-11-08,Delhi,2.54
2027-11-08,Mumbai,2.21
2027-11-09,Bengaluru,2.48
2027-11-09,Chennai,2.76
2027-11-09,Delhi,2.54
2027-11-09,Mumbai,2.21
2027-11-10,Bengaluru,2.48
2027-11-10,Chennai,2.76
2027-11-10,Delhi,2.54
2027-11-10,Mumbai,2.21
2027-11-11,Bengaluru,2.48
2027-11-11,Chennai,2.76
2027-11-11,Delhi,2.54
2027-11-11,Mumbai,2.21
2027-11-12,Bengaluru,2.48
2027-11-12,Chennai,2.76
2027-11-12,Delhi,2.54
2027-11-12,Mumbai,2.21
2027-11-13,Bengaluru,2.48
2027-11-13,Chennai,2.76
2027-11-13,Delhi,2.54
2027-11-13,Mumbai,2.21
2027-11-14,Bengaluru,2.48
2027-11-14,Chennai,2.76
2027-11-14,Delhi,2.54
2027-11-14,Mumbai,2.21
2027-11-15,Bengaluru,2.48
2027-11-15,Chennai,2.76
2027-11-15,Delhi,2.54
2027-11-15,Mumbai,2.21
2027-11-16,Bengaluru,2.48
2027-11-16,Chennai,2.76
2027-11-16,Delhi,2.54
2027-11-16,Mumbai,2.21
2027-11-17,Bengaluru,2.48
2027-11-17,Chennai,2.76
2027-11-17,Delhi,2.54
2027-11-17,Mumbai,2.21
2027-11-18,Bengaluru,2.48
2027-11-18,Chennai,2.76
2027-11-18,Delhi,2.54
2027-11-18,Mumbai,2.21
2027-11-19,Bengaluru,2.48
2027-11-19,Chennai,2.76
2027-11-19,Delhi,2.54
2027-11-19,Mumbai,2.21
2027-11-20,Bengaluru,2.48
2027-11-20,Chennai,2.76
2027-11-20,Delhi,2.54
2027-11-20,Mumbai,2.21
2027-11-21,Bengaluru,2.48
2027-11-21,Chennai,2.76
2027-11-21,Delhi,2.54
2027-11-21,Mumbai,2.21
2027-11-22,Bengaluru,2.48
2027-11-22,Chennai,2.76
2027-11-22,Delhi,2.54
2027-11-22,Mumbai,2.21
2027-11-23,Bengaluru,2.48
2027-11-23,Chennai,2.76
2027-11-23,Delhi,2.54
2027-11-23,Mumbai,2.21
2027-11-24,Bengaluru,2.48
2027-11-24,Chennai,2.76
2027-11-24,Delhi,2.54
2027-11-24,Mumbai,2.21
2027-11-25,Bengaluru,2.48
2027-11-25,Chennai,2.76
2027-11-25,Delhi,2.54
2027-11-25,Mumbai,2.21
2027-11-26,Bengaluru,2.48
2027-11-26,Chennai,2.76
2027-11-26,Delhi,2.54
2027-11-26,Mumbai,2.21
2027-11-27,Bengaluru,2.48
2027-11-27,Chennai,2.76
2027-11-27,Delhi,2.54
2027-11-27,Mumbai,2.21
2027-11-28,Bengaluru,2.48
2027-11-28,Chennai,2.76
2027-11-28,Delhi,2.54
2027-11-28,Mumbai,2.21
2027-11-29,Bengaluru,2.48
2027-11-29,Chennai,2.76
2027-11-29,Delhi,2.54
2027-11-29,Mumbai,2.21
2027-11-30,Bengaluru,2.48
2027-11-30,Chennai,2.76
2027-11-30,Delhi,2.54
2027-11-30,Mumbai,2.21
2027-12-01,Bengaluru,2.48
2027-12-01,Chennai,2.76
2027-12-01,Delhi,2.54
2027-12-01,Mumbai,2.21
2027-12-02,Bengaluru,2.48
2027-12-02,Chennai,2.76
2027-12-02,Delhi,2.54
2027-12-02,Mumbai,2.21
2027-12-03,Bengaluru,2.48
2027-12-03,Chennai,2.76
2027-12-03,Delhi,2.54
2027-12-03,Mumbai,2.21
2027-12-04,Bengaluru,2.48
2027-12-04,Chennai,2.76
2027-12-04,Delhi,2.54
2027-12-04,Mumbai,2.21
2027-12-05,Bengaluru,2.48
2027-12-05,Chennai,2.76
2027-12-05,Delhi,2.54
2027-12-05,Mumbai,2.21
2027-12-06,Bengaluru,2.48
2027-12-06,Chennai,2.76
2027-12-06,Delhi,2.54
2027-12-06,Mumbai,2.21
2027-12-07,Bengaluru,2.48
2027-12-07,Chennai,2.76
2027-12-07,Delhi,2.54
2027-12-07,Mumbai,2.21
2027-12-08,Bengaluru,2.48
2027-12-08,Chennai,2.76
2027-12-08,Delhi,2.54
2027-12-08,Mumbai,2.21
2027-12-09,Bengaluru,2.48
2027-12-09,Chennai,2.76
2027-12-09,Delhi,2.54
2027-12-09,Mumbai,2.21
2027-12-10,Bengaluru,2.48
2027-12-10,Chennai,2.76
2027-12-10,Delhi,2.54
2027-12-10,Mumbai,2.21
2027-12-11,Bengaluru,2.48
2027-12-11,Chennai,2.76
2027-12-11,Delhi,2.54
2027-12-11,Mumbai,2.21
2027-12-12,Bengaluru,2.48
2027-12-12,Chennai,2.76
2027-12-12,Delhi,2.54
2027-12-12,Mumbai,2.21
2027-12-13,Bengaluru,2.48
2027-12-13,Chennai,2.76
2027-12-13,Delhi,2.54
2027-12-13,Mumbai,2.21
2027-12-14,Bengaluru,2.48
2027-12-14,Chennai,2.76
2027-12-14,Delhi,2.54
2027-12-14,Mumbai,2.21
2027-12-15,Bengaluru,2.48
2027-12-15,Chennai,2.76
2027-12-15,Delhi,2.54
2027-12-15,Mumbai,2.21
2027-12-16,Bengaluru,2.48
2027-12-16,Chennai,2.76
2027-12-16,Delhi,2.54
2027-12-16,Mumbai,2.21
2027-12-17,Bengaluru,2.48
2027-12-17,Chennai,2.76
2027-12-17,Delhi,2.54
2027-12-17,Mumbai,2.21
2027-12-18,Bengaluru,2.48
2027-12-18,Chennai,2.76
2027-12-18,Delhi,2.54
2027-12-18,Mumbai,2.21
2027-12-19,Bengaluru,2.48
2027-12-19,Chennai,2.76
2027-12-19,Delhi,2.54
2027-12-19,Mumbai,2.21
2027-12-20,Bengaluru,2.48
2027-12-20,Chennai,2.76
2027-12-20,Delhi,2.54
2027-12-20,Mumbai,2.21
2027-12-21,Bengaluru,2.48
2027-12-21,Chennai,2.76
2027-12-21,Delhi,2.54
2027-12-21,Mumbai,2.21
2027-12-22,Bengaluru,2.48
2027-12-22,Chennai,2.76
2027-12-22,Delhi,2.54
2027-12-22,Mumbai,2.21
2027-12-23,Bengaluru,2.48
2027-12-23,Chennai,2.76
2027-12-23,Delhi,2.54
2027-12-23,Mumbai,2.21
2027-12-24,Bengaluru,2.48
2027-12-24,Chennai,2.76
2027-12-24,Delhi,2.54
2027-12-24,Mumbai,2.21
2027-12-25,Bengaluru,2.48
2027-12-25,Chennai,2.76
2027-12-25,Delhi,2.54
2027-12-25,Mumbai,2.21
2027-12-26,Bengaluru,2.48
2027-12-26,Chennai,2.76
2027-12-26,Delhi,2.54
2027-12-26,Mumbai,2.21
2027-12-27,Bengaluru,2.48
2027-12-27,Chennai,2.76
2027-12-27,Delhi,2.54
2027-12-27,Mumbai,2.21
2027-12-28,Bengaluru,2.48
2027-12-28,Chennai,2.76
2027-12-28,Delhi,2.54
2027-12-28,Mumbai,2.21
2027-12-29,Bengaluru,2.48
2027-12-29,Chennai,2.76
2027-12-29,Delhi,2.54
2027-12-29,Mumbai,2.21
2027-12-30,Bengaluru,2.48
2027-12-30,Chennai,2.76
2027-12-30,Delhi,2.54
2027-12-30,Mumbai,2.21
2027-12-31,Bengaluru,2.48
2027-12-31,Chennai,2.76
2027-12-31,Delhi,2.54
2027-12-31,Mumbai,2.21
